city,attribute,year,forecast_var,pi_lower,pi_upper
Beijing,AW,2023,81.016,78.708,83.325
Beijing,AW,2024,82.086,79.778,84.395
Beijing,AW,2025,82.062,79.754,84.371
Beijing,AW,2026,82.8,80.491,85.108
Beijing,AW,2027,85.421,83.112,87.729
Beijing,AW,2028,87.996,85.687,90.305
Beijing,AW,2029,83.95,81.641,86.258
Beijing,AW,2030,88.691,86.382,90.999
Beijing,Beds,2023,166.072,165.366,166.777
Beijing,Beds,2024,168.102,167.396,168.808
Beijing,Beds,2025,169.332,168.626,170.037
Beijing,Beds,2026,170.876,170.171,171.582
Beijing,Beds,2027,172.025,171.319,172.73
Beijing,Beds,2028,173.884,173.179,174.59
Beijing,Beds,2029,174.374,173.668,175.08
Beijing,Beds,2030,176.834,176.129,177.54
Beijing,Bus,2023,66.43,65.123,67.737
Beijing,Bus,2024,66.146,64.839,67.452
Beijing,Bus,2025,64.334,63.027,65.64
Beijing,Bus,2026,63.096,61.789,64.403
Beijing,Bus,2027,62.753,61.447,64.06
Beijing,Bus,2028,62.226,60.919,63.533
Beijing,Bus,2029,61.352,60.045,62.658
Beijing,Bus,2030,60.153,58.847,61.46
Beijing,DEU,2023,51.201,50.31,52.093
Beijing,DEU,2024,51.559,50.668,52.45
Beijing,DEU,2025,51.522,50.631,52.413
Beijing,DEU,2026,51.637,50.746,52.528
Beijing,DEU,2027,52.458,51.567,53.349
Beijing,DEU,2028,52.752,51.861,53.643
Beijing,DEU,2029,52.552,51.661,53.443
Beijing,DEU,2030,52.929,52.038,53.82
Beijing,DWU,2023,76.923,75.64,78.207
Beijing,DWU,2024,77.847,76.563,79.13
Beijing,DWU,2025,78.147,76.863,79.431
Beijing,DWU,2026,78.785,77.501,80.069
Beijing,DWU,2027,80.355,79.071,81.639
Beijing,DWU,2028,80.942,79.658,82.226
Beijing,DWU,2029,80.504,79.22,81.788
Beijing,DWU,2030,82.112,80.828,83.396
Beijing,ERV,2023,144.414,143.563,145.264
Beijing,ERV,2024,145.045,144.195,145.896
Beijing,ERV,2025,142.158,141.307,143.009
Beijing,ERV,2026,141.916,141.066,142.767
Beijing,ERV,2027,142.267,141.417,143.118
Beijing,ERV,2028,140.506,139.655,141.357
Beijing,ERV,2029,140.069,139.219,140.92
Beijing,ERV,2030,138.204,137.353,139.054
Beijing,ESV,2023,96.351,94.979,97.722
Beijing,ESV,2024,98.781,97.409,100.153
Beijing,ESV,2025,101.311,99.94,102.683
Beijing,ESV,2026,102.367,100.996,103.739
Beijing,ESV,2027,105.004,103.632,106.375
Beijing,ESV,2028,105.824,104.452,107.195
Beijing,ESV,2029,108.611,107.24,109.983
Beijing,ESV,2030,110.721,109.349,112.092
Beijing,GCBA,2023,61.142,58.466,63.818
Beijing,GCBA,2024,59.772,57.096,62.448
Beijing,GCBA,2025,62.812,60.135,65.488
Beijing,GCBA,2026,62.211,59.535,64.887
Beijing,GCBA,2027,61.888,59.212,64.564
Beijing,GCBA,2028,62.635,59.959,65.311
Beijing,GCBA,2029,63.563,60.887,66.239
Beijing,GCBA,2030,60.442,57.766,63.118
Beijing,GDP,2023,115.077,113.288,116.865
Beijing,GDP,2024,117.406,115.617,119.194
Beijing,GDP,2025,116.75,114.962,118.539
Beijing,GDP,2026,116.539,114.75,118.327
Beijing,GDP,2027,119.828,118.039,121.616
Beijing,GDP,2028,119.419,117.631,121.208
Beijing,GDP,2029,120.983,119.194,122.771
Beijing,GDP,2030,123.109,121.32,124.897
Beijing,GSA,2023,114.145,112.524,115.767
Beijing,GSA,2024,114.088,112.467,115.709
Beijing,GSA,2025,114.144,112.523,115.765
Beijing,GSA,2026,115.744,114.122,117.365
Beijing,GSA,2027,118.444,116.823,120.065
Beijing,GSA,2028,117.548,115.927,119.169
Beijing,GSA,2029,118.607,116.986,120.229
Beijing,GSA,2030,118.902,117.281,120.523
Beijing,HETeach,2023,115.458,113.004,117.913
Beijing,HETeach,2024,112.124,109.669,114.579
Beijing,HETeach,2025,114.769,112.315,117.224
Beijing,HETeach,2026,115.313,112.858,117.767
Beijing,HETeach,2027,116.667,114.212,119.122
Beijing,HETeach,2028,114.357,111.902,116.812
Beijing,HETeach,2029,114.378,111.923,116.832
Beijing,HETeach,2030,115.302,112.848,117.757
Beijing,LFE,2023,120.259,118.096,122.421
Beijing,LFE,2024,118.193,116.03,120.355
Beijing,LFE,2025,116.634,114.471,118.796
Beijing,LFE,2026,119.763,117.6,121.926
Beijing,LFE,2027,115.591,113.428,117.753
Beijing,LFE,2028,115.724,113.561,117.887
Beijing,LFE,2029,114.568,112.405,116.73
Beijing,LFE,2030,114.58,112.417,116.743
Beijing,PD,2023,114.746,112.58,116.912
Beijing,PD,2024,115.959,113.793,118.125
Beijing,PD,2025,116.388,114.222,118.554
Beijing,PD,2026,118.032,115.866,120.198
Beijing,PD,2027,119.361,117.195,121.526
Beijing,PD,2028,118.997,116.831,121.163
Beijing,PD,2029,120.3,118.134,122.466
Beijing,PD,2030,123.564,121.398,125.73
Beijing,PIV,2023,168.153,167.002,169.305
Beijing,PIV,2024,166.891,165.739,168.042
Beijing,PIV,2025,167.18,166.029,168.331
Beijing,PIV,2026,165.114,163.963,166.266
Beijing,PIV,2027,166.859,165.708,168.011
Beijing,PIV,2028,165.18,164.028,166.331
Beijing,PIV,2029,165.997,164.845,167.148
Beijing,PIV,2030,164.592,163.441,165.744
Beijing,PRA,2023,133.561,132.22,134.901
Beijing,PRA,2024,132.88,131.54,134.22
Beijing,PRA,2025,133.641,132.301,134.981
Beijing,PRA,2026,131.942,130.602,133.282
Beijing,PRA,2027,131.891,130.551,133.231
Beijing,PRA,2028,132.607,131.267,133.947
Beijing,PRA,2029,132.004,130.664,133.345
Beijing,PRA,2030,131.646,130.305,132.986
Beijing,Phys,2023,61.467,60.488,62.445
Beijing,Phys,2024,61.705,60.727,62.683
Beijing,Phys,2025,63.042,62.064,64.02
Beijing,Phys,2026,64.457,63.479,65.435
Beijing,Phys,2027,64.732,63.754,65.71
Beijing,Phys,2028,66.338,65.36,67.317
Beijing,Phys,2029,67.084,66.106,68.062
Beijing,Phys,2030,67.616,66.638,68.594
Beijing,SIV,2023,188.277,185.995,190.56
Beijing,SIV,2024,187.586,185.304,189.868
Beijing,SIV,2025,186.512,184.23,188.794
Beijing,SIV,2026,185.445,183.163,187.727
Beijing,SIV,2027,185.516,183.234,187.798
Beijing,SIV,2028,186.467,184.184,188.749
Beijing,SIV,2029,185.61,183.327,187.892
Beijing,SIV,2030,186.321,184.039,188.603
Beijing,TIV,2023,77.902,77.593,78.212
Beijing,TIV,2024,77.633,77.323,77.942
Beijing,TIV,2025,77.708,77.398,78.017
Beijing,TIV,2026,77.458,77.149,77.767
Beijing,TIV,2027,76.872,76.562,77.181
Beijing,TIV,2028,76.812,76.503,77.121
Beijing,TIV,2029,76.443,76.134,76.753
Beijing,TIV,2030,76.061,75.752,76.371
Beijing,Teach,2023,49.729,47.621,51.837
Beijing,Teach,2024,49.759,47.651,51.867
Beijing,Teach,2025,48.771,46.663,50.879
Beijing,Teach,2026,47.674,45.566,49.782
Beijing,Teach,2027,47.363,45.255,49.471
Beijing,Teach,2028,46.548,44.44,48.656
Beijing,Teach,2029,45.88,43.772,47.988
Beijing,Teach,2030,45.757,43.649,47.865
Beijing,UR,2023,127.888,126.146,129.63
Beijing,UR,2024,127.204,125.462,128.947
Beijing,UR,2025,127.131,125.388,128.873
Beijing,UR,2026,128.562,126.819,130.304
Beijing,UR,2027,126.378,124.635,128.12
Beijing,UR,2028,125.851,124.109,127.594
Beijing,UR,2029,126.661,124.919,128.404
Beijing,UR,2030,126.532,124.79,128.275
Beijing,URate,2023,121.73,119.829,123.63
Beijing,URate,2024,122.534,120.633,124.434
Beijing,URate,2025,125.14,123.24,127.04
Beijing,URate,2026,123.315,121.414,125.215
Beijing,URate,2027,125.368,123.468,127.269
Beijing,URate,2028,127.044,125.144,128.944
Beijing,URate,2029,127.712,125.812,129.613
Beijing,URate,2030,127.835,125.935,129.736
Tianjin,AW,2023,53.092,51.785,54.399
Tianjin,AW,2024,54.543,53.235,55.85
Tianjin,AW,2025,53.378,52.07,54.685
Tianjin,AW,2026,51.822,50.515,53.129
Tianjin,AW,2027,50.31,49.003,51.618
Tianjin,AW,2028,50.093,48.786,51.401
Tianjin,AW,2029,48.983,47.676,50.29
Tianjin,AW,2030,49.143,47.836,50.45
Tianjin,Beds,2023,98.958,98.146,99.771
Tianjin,Beds,2024,100.453,99.64,101.266
Tianjin,Beds,2025,102.083,101.27,102.895
Tianjin,Beds,2026,103.486,102.673,104.298
Tianjin,Beds,2027,105.291,104.478,106.104
Tianjin,Beds,2028,106.889,106.076,107.702
Tianjin,Beds,2029,108.179,107.366,108.991
Tianjin,Beds,2030,109.259,108.446,110.072
Tianjin,Bus,2023,87.24,85.266,89.214
Tianjin,Bus,2024,90.263,88.289,92.236
Tianjin,Bus,2025,90.035,88.062,92.009
Tianjin,Bus,2026,88.998,87.024,90.971
Tianjin,Bus,2027,90.677,88.704,92.651
Tianjin,Bus,2028,91.099,89.125,93.073
Tianjin,Bus,2029,89.814,87.84,91.787
Tianjin,Bus,2030,92.06,90.086,94.034
Tianjin,DEU,2023,62.51,60.707,64.313
Tianjin,DEU,2024,61.405,59.603,63.208
Tianjin,DEU,2025,61.588,59.785,63.391
Tianjin,DEU,2026,60.317,58.514,62.12
Tianjin,DEU,2027,59.395,57.592,61.197
Tianjin,DEU,2028,60.172,58.369,61.975
Tianjin,DEU,2029,59.633,57.83,61.436
Tianjin,DEU,2030,58.901,57.098,60.704
Tianjin,DWU,2023,55.006,53.945,56.067
Tianjin,DWU,2024,58.312,57.251,59.374
Tianjin,DWU,2025,56.693,55.631,57.754
Tianjin,DWU,2026,58.863,57.802,59.925
Tianjin,DWU,2027,59.855,58.794,60.916
Tianjin,DWU,2028,62.855,61.794,63.916
Tianjin,DWU,2029,63.247,62.186,64.309
Tianjin,DWU,2030,65.862,64.801,66.924
Tianjin,ERV,2023,141.158,139.889,142.427
Tianjin,ERV,2024,143.357,142.088,144.626
Tianjin,ERV,2025,145.813,144.544,147.082
Tianjin,ERV,2026,147.099,145.83,148.368
Tianjin,ERV,2027,149.249,147.981,150.518
Tianjin,ERV,2028,151.32,150.051,152.589
Tianjin,ERV,2029,151.776,150.507,153.045
Tianjin,ERV,2030,154.593,153.324,155.862
Tianjin,ESV,2023,173.898,171.99,175.806
Tianjin,ESV,2024,174.38,172.472,176.288
Tianjin,ESV,2025,174.07,172.162,175.978
Tianjin,ESV,2026,174.677,172.769,176.585
Tianjin,ESV,2027,173.585,171.677,175.493
Tianjin,ESV,2028,173.18,171.272,175.088
Tianjin,ESV,2029,174.148,172.24,176.056
Tianjin,ESV,2030,173.749,171.841,175.657
Tianjin,GCBA,2023,98.037,96.332,99.742
Tianjin,GCBA,2024,97.744,96.039,99.449
Tianjin,GCBA,2025,99.951,98.246,101.657
Tianjin,GCBA,2026,101.932,100.227,103.637
Tianjin,GCBA,2027,102.389,100.684,104.095
Tianjin,GCBA,2028,103.203,101.498,104.908
Tianjin,GCBA,2029,104.05,102.345,105.755
Tianjin,GCBA,2030,106.268,104.563,107.973
Tianjin,GDP,2023,131.944,130.322,133.566
Tianjin,GDP,2024,128.635,127.014,130.257
Tianjin,GDP,2025,128.959,127.337,130.58
Tianjin,GDP,2026,128.519,126.897,130.141
Tianjin,GDP,2027,125.673,124.051,127.295
Tianjin,GDP,2028,124.832,123.21,126.454
Tianjin,GDP,2029,124.546,122.924,126.168
Tianjin,GDP,2030,122.884,121.262,124.506
Tianjin,GSA,2023,153.121,152.015,154.226
Tianjin,GSA,2024,153.471,152.366,154.576
Tianjin,GSA,2025,153.277,152.172,154.382
Tianjin,GSA,2026,153.014,151.909,154.119
Tianjin,GSA,2027,153.537,152.431,154.642
Tianjin,GSA,2028,154.655,153.55,155.76
Tianjin,GSA,2029,154.44,153.335,155.546
Tianjin,GSA,2030,153.934,152.829,155.039
Tianjin,HETeach,2023,149.056,146.782,151.33
Tianjin,HETeach,2024,148.961,146.687,151.235
Tianjin,HETeach,2025,151.43,149.156,153.704
Tianjin,HETeach,2026,151.286,149.012,153.56
Tianjin,HETeach,2027,153.096,150.822,155.37
Tianjin,HETeach,2028,151.297,149.023,153.571
Tianjin,HETeach,2029,151.609,149.335,153.883
Tianjin,HETeach,2030,153.755,151.481,156.029
Tianjin,LFE,2023,163.051,161.572,164.531
Tianjin,LFE,2024,163.812,162.332,165.291
Tianjin,LFE,2025,163.953,162.474,165.433
Tianjin,LFE,2026,161.271,159.792,162.751
Tianjin,LFE,2027,159.948,158.468,161.427
Tianjin,LFE,2028,159.362,157.882,160.841
Tianjin,LFE,2029,160.101,158.622,161.581
Tianjin,LFE,2030,158.106,156.627,159.586
Tianjin,PD,2023,158.1,156.415,159.785
Tianjin,PD,2024,158.775,157.09,160.46
Tianjin,PD,2025,159.458,157.773,161.143
Tianjin,PD,2026,158.858,157.173,160.543
Tianjin,PD,2027,159.264,157.579,160.949
Tianjin,PD,2028,158.053,156.368,159.738
Tianjin,PD,2029,160.046,158.36,161.731
Tianjin,PD,2030,157.144,155.458,158.829
Tianjin,PIV,2023,192.462,191.567,193.357
Tianjin,PIV,2024,192.519,191.624,193.414
Tianjin,PIV,2025,193.889,192.994,194.784
Tianjin,PIV,2026,195.338,194.443,196.233
Tianjin,PIV,2027,195.974,195.079,196.869
Tianjin,PIV,2028,197.237,196.342,198.132
Tianjin,PIV,2029,199.648,198.753,200.543
Tianjin,PIV,2030,200.072,199.177,200.967
Tianjin,PRA,2023,106.223,104.196,108.25
Tianjin,PRA,2024,105.956,103.929,107.983
Tianjin,PRA,2025,105.64,103.613,107.667
Tianjin,PRA,2026,105.229,103.202,107.256
Tianjin,PRA,2027,106.045,104.018,108.072
Tianjin,PRA,2028,106.167,104.14,108.194
Tianjin,PRA,2029,106.003,103.976,108.03
Tianjin,PRA,2030,104.548,102.521,106.575
Tianjin,Phys,2023,192.908,190.999,194.817
Tianjin,Phys,2024,193.135,191.226,195.044
Tianjin,Phys,2025,194.128,192.219,196.038
Tianjin,Phys,2026,195.179,193.269,197.088
Tianjin,Phys,2027,195.268,193.359,197.178
Tianjin,Phys,2028,195.136,193.227,197.046
Tianjin,Phys,2029,195.778,193.869,197.688
Tianjin,Phys,2030,196.925,195.016,198.835
Tianjin,SIV,2023,135.696,134.714,136.678
Tianjin,SIV,2024,137.252,136.271,138.234
Tianjin,SIV,2025,139.0,138.019,139.982
Tianjin,SIV,2026,138.474,137.492,139.455
Tianjin,SIV,2027,141.298,140.316,142.28
Tianjin,SIV,2028,141.92,140.938,142.902
Tianjin,SIV,2029,143.332,142.35,144.314
Tianjin,SIV,2030,143.667,142.685,144.648
Tianjin,TIV,2023,101.626,100.425,102.828
Tianjin,TIV,2024,101.81,100.609,103.012
Tianjin,TIV,2025,103.975,102.774,105.177
Tianjin,TIV,2026,105.089,103.887,106.29
Tianjin,TIV,2027,104.56,103.358,105.761
Tianjin,TIV,2028,106.046,104.845,107.248
Tianjin,TIV,2029,107.086,105.885,108.288
Tianjin,TIV,2030,108.514,107.313,109.716
Tianjin,Teach,2023,191.285,189.814,192.756
Tianjin,Teach,2024,192.224,190.753,193.696
Tianjin,Teach,2025,193.679,192.208,195.151
Tianjin,Teach,2026,192.968,191.497,194.44
Tianjin,Teach,2027,192.949,191.477,194.42
Tianjin,Teach,2028,195.306,193.835,196.778
Tianjin,Teach,2029,194.394,192.923,195.865
Tianjin,Teach,2030,194.948,193.477,196.419
Tianjin,UR,2023,168.044,167.162,168.926
Tianjin,UR,2024,170.329,169.447,171.212
Tianjin,UR,2025,172.345,171.462,173.227
Tianjin,UR,2026,172.399,171.517,173.281
Tianjin,UR,2027,175.23,174.348,176.112
Tianjin,UR,2028,175.637,174.755,176.52
Tianjin,UR,2029,177.802,176.92,178.685
Tianjin,UR,2030,178.558,177.676,179.441
Tianjin,URate,2023,73.744,71.554,75.935
Tianjin,URate,2024,74.131,71.94,76.322
Tianjin,URate,2025,73.493,71.302,75.684
Tianjin,URate,2026,73.45,71.259,75.641
Tianjin,URate,2027,73.312,71.121,75.502
Tianjin,URate,2028,75.784,73.593,77.975
Tianjin,URate,2029,76.133,73.943,78.324
Tianjin,URate,2030,76.685,74.495,78.876
Shijiazhuang,AW,2023,95.973,92.859,99.087
Shijiazhuang,AW,2024,95.022,91.908,98.136
Shijiazhuang,AW,2025,97.723,94.609,100.837
Shijiazhuang,AW,2026,98.125,95.011,101.239
Shijiazhuang,AW,2027,97.411,94.297,100.525
Shijiazhuang,AW,2028,98.322,95.208,101.436
Shijiazhuang,AW,2029,100.986,97.872,104.1
Shijiazhuang,AW,2030,101.095,97.981,104.209
Shijiazhuang,Beds,2023,94.799,92.189,97.41
Shijiazhuang,Beds,2024,95.883,93.273,98.494
Shijiazhuang,Beds,2025,96.078,93.468,98.689
Shijiazhuang,Beds,2026,95.593,92.982,98.203
Shijiazhuang,Beds,2027,95.268,92.657,97.878
Shijiazhuang,Beds,2028,93.807,91.197,96.417
Shijiazhuang,Beds,2029,95.551,92.941,98.162
Shijiazhuang,Beds,2030,97.035,94.425,99.646
Shijiazhuang,Bus,2023,125.055,122.314,127.796
Shijiazhuang,Bus,2024,124.845,122.104,127.586
Shijiazhuang,Bus,2025,123.534,120.793,126.275
Shijiazhuang,Bus,2026,126.092,123.351,128.834
Shijiazhuang,Bus,2027,123.253,120.511,125.994
Shijiazhuang,Bus,2028,127.266,124.525,130.007
Shijiazhuang,Bus,2029,123.696,120.955,126.438
Shijiazhuang,Bus,2030,123.798,121.057,126.54
Shijiazhuang,DEU,2023,161.463,159.926,163.0
Shijiazhuang,DEU,2024,161.667,160.13,163.204
Shijiazhuang,DEU,2025,159.017,157.48,160.554
Shijiazhuang,DEU,2026,159.777,158.24,161.314
Shijiazhuang,DEU,2027,159.364,157.827,160.901
Shijiazhuang,DEU,2028,157.421,155.884,158.958
Shijiazhuang,DEU,2029,157.449,155.912,158.986
Shijiazhuang,DEU,2030,157.083,155.546,158.62
Shijiazhuang,DWU,2023,105.038,102.506,107.57
Shijiazhuang,DWU,2024,105.228,102.696,107.76
Shijiazhuang,DWU,2025,106.733,104.201,109.265
Shijiazhuang,DWU,2026,109.624,107.092,112.156
Shijiazhuang,DWU,2027,110.523,107.991,113.055
Shijiazhuang,DWU,2028,112.071,109.539,114.603
Shijiazhuang,DWU,2029,112.311,109.779,114.843
Shijiazhuang,DWU,2030,113.418,110.886,115.95
Shijiazhuang,ERV,2023,109.4,108.24,110.559
Shijiazhuang,ERV,2024,108.706,107.547,109.866
Shijiazhuang,ERV,2025,110.923,109.764,112.083
Shijiazhuang,ERV,2026,113.821,112.661,114.981
Shijiazhuang,ERV,2027,113.063,111.903,114.223
Shijiazhuang,ERV,2028,113.838,112.678,114.998
Shijiazhuang,ERV,2029,115.476,114.317,116.636
Shijiazhuang,ERV,2030,116.805,115.646,117.965
Shijiazhuang,ESV,2023,164.111,162.402,165.821
Shijiazhuang,ESV,2024,165.694,163.985,167.403
Shijiazhuang,ESV,2025,164.485,162.776,166.195
Shijiazhuang,ESV,2026,163.258,161.548,164.967
Shijiazhuang,ESV,2027,165.631,163.921,167.34
Shijiazhuang,ESV,2028,164.294,162.585,166.003
Shijiazhuang,ESV,2029,165.539,163.83,167.249
Shijiazhuang,ESV,2030,165.415,163.706,167.124
Shijiazhuang,GCBA,2023,81.172,78.853,83.491
Shijiazhuang,GCBA,2024,80.183,77.864,82.502
Shijiazhuang,GCBA,2025,83.246,80.927,85.566
Shijiazhuang,GCBA,2026,84.629,82.31,86.948
Shijiazhuang,GCBA,2027,86.444,84.124,88.763
Shijiazhuang,GCBA,2028,87.689,85.37,90.008
Shijiazhuang,GCBA,2029,88.396,86.077,90.715
Shijiazhuang,GCBA,2030,91.161,88.842,93.481
Shijiazhuang,GDP,2023,113.873,111.462,116.284
Shijiazhuang,GDP,2024,114.502,112.091,116.913
Shijiazhuang,GDP,2025,113.489,111.078,115.901
Shijiazhuang,GDP,2026,114.681,112.27,117.092
Shijiazhuang,GDP,2027,110.98,108.569,113.391
Shijiazhuang,GDP,2028,110.855,108.444,113.266
Shijiazhuang,GDP,2029,109.631,107.22,112.042
Shijiazhuang,GDP,2030,108.099,105.688,110.51
Shijiazhuang,GSA,2023,104.226,101.047,107.406
Shijiazhuang,GSA,2024,112.616,109.436,115.795
Shijiazhuang,GSA,2025,109.869,106.69,113.049
Shijiazhuang,GSA,2026,111.416,108.236,114.596
Shijiazhuang,GSA,2027,110.76,107.58,113.94
Shijiazhuang,GSA,2028,112.804,109.624,115.984
Shijiazhuang,GSA,2029,113.082,109.903,116.262
Shijiazhuang,GSA,2030,117.754,114.574,120.934
Shijiazhuang,HETeach,2023,179.123,177.609,180.636
Shijiazhuang,HETeach,2024,180.712,179.199,182.225
Shijiazhuang,HETeach,2025,182.237,180.723,183.75
Shijiazhuang,HETeach,2026,184.854,183.341,186.367
Shijiazhuang,HETeach,2027,185.304,183.79,186.817
Shijiazhuang,HETeach,2028,187.257,185.744,188.77
Shijiazhuang,HETeach,2029,188.42,186.907,189.934
Shijiazhuang,HETeach,2030,189.147,187.634,190.66
Shijiazhuang,LFE,2023,71.76,68.549,74.971
Shijiazhuang,LFE,2024,71.756,68.545,74.968
Shijiazhuang,LFE,2025,70.662,67.451,73.873
Shijiazhuang,LFE,2026,68.009,64.797,71.22
Shijiazhuang,LFE,2027,73.268,70.057,76.479
Shijiazhuang,LFE,2028,68.084,64.873,71.295
Shijiazhuang,LFE,2029,67.613,64.402,70.824
Shijiazhuang,LFE,2030,68.143,64.932,71.354
Shijiazhuang,PD,2023,189.526,187.054,191.999
Shijiazhuang,PD,2024,190.926,188.454,193.399
Shijiazhuang,PD,2025,194.092,191.62,196.565
Shijiazhuang,PD,2026,193.92,191.448,196.392
Shijiazhuang,PD,2027,196.32,193.848,198.793
Shijiazhuang,PD,2028,197.781,195.309,200.254
Shijiazhuang,PD,2029,197.783,195.311,200.256
Shijiazhuang,PD,2030,200.215,197.742,202.687
Shijiazhuang,PIV,2023,124.609,122.624,126.594
Shijiazhuang,PIV,2024,125.981,123.996,127.966
Shijiazhuang,PIV,2025,126.157,124.172,128.142
Shijiazhuang,PIV,2026,129.871,127.886,131.856
Shijiazhuang,PIV,2027,131.674,129.689,133.659
Shijiazhuang,PIV,2028,132.228,130.243,134.213
Shijiazhuang,PIV,2029,133.741,131.756,135.726
Shijiazhuang,PIV,2030,136.555,134.57,138.54
Shijiazhuang,PRA,2023,149.677,147.704,151.65
Shijiazhuang,PRA,2024,147.36,145.387,149.333
Shijiazhuang,PRA,2025,146.702,144.729,148.675
Shijiazhuang,PRA,2026,146.648,144.675,148.621
Shijiazhuang,PRA,2027,143.783,141.81,145.756
Shijiazhuang,PRA,2028,144.046,142.073,146.019
Shijiazhuang,PRA,2029,142.747,140.774,144.72
Shijiazhuang,PRA,2030,141.836,139.863,143.809
Shijiazhuang,Phys,2023,141.651,140.092,143.21
Shijiazhuang,Phys,2024,142.457,140.898,144.016
Shijiazhuang,Phys,2025,143.096,141.537,144.654
Shijiazhuang,Phys,2026,143.391,141.832,144.95
Shijiazhuang,Phys,2027,143.21,141.651,144.769
Shijiazhuang,Phys,2028,141.998,140.439,143.556
Shijiazhuang,Phys,2029,143.645,142.086,145.203
Shijiazhuang,Phys,2030,144.407,142.848,145.966
Shijiazhuang,SIV,2023,103.298,100.897,105.699
Shijiazhuang,SIV,2024,104.599,102.198,107.0
Shijiazhuang,SIV,2025,108.205,105.804,110.606
Shijiazhuang,SIV,2026,106.117,103.716,108.518
Shijiazhuang,SIV,2027,107.686,105.285,110.087
Shijiazhuang,SIV,2028,108.573,106.172,110.974
Shijiazhuang,SIV,2029,109.425,107.024,111.826
Shijiazhuang,SIV,2030,111.244,108.843,113.645
Shijiazhuang,TIV,2023,50.355,49.566,51.143
Shijiazhuang,TIV,2024,49.964,49.175,50.752
Shijiazhuang,TIV,2025,50.748,49.959,51.536
Shijiazhuang,TIV,2026,50.905,50.117,51.694
Shijiazhuang,TIV,2027,51.421,50.633,52.209
Shijiazhuang,TIV,2028,51.235,50.446,52.023
Shijiazhuang,TIV,2029,51.188,50.399,51.976
Shijiazhuang,TIV,2030,51.408,50.62,52.197
Shijiazhuang,Teach,2023,116.577,113.871,119.282
Shijiazhuang,Teach,2024,117.054,114.348,119.759
Shijiazhuang,Teach,2025,114.426,111.72,117.131
Shijiazhuang,Teach,2026,115.075,112.369,117.781
Shijiazhuang,Teach,2027,116.94,114.235,119.646
Shijiazhuang,Teach,2028,118.364,115.659,121.07
Shijiazhuang,Teach,2029,116.657,113.951,119.362
Shijiazhuang,Teach,2030,116.916,114.21,119.622
Shijiazhuang,UR,2023,180.038,177.602,182.473
Shijiazhuang,UR,2024,180.93,178.494,183.366
Shijiazhuang,UR,2025,180.558,178.122,182.993
Shijiazhuang,UR,2026,180.423,177.987,182.859
Shijiazhuang,UR,2027,179.668,177.232,182.104
Shijiazhuang,UR,2028,183.325,180.889,185.761
Shijiazhuang,UR,2029,184.187,181.751,186.623
Shijiazhuang,UR,2030,181.319,178.883,183.755
Shijiazhuang,URate,2023,120.417,117.887,122.948
Shijiazhuang,URate,2024,119.219,116.689,121.749
Shijiazhuang,URate,2025,120.17,117.64,122.7
Shijiazhuang,URate,2026,122.178,119.648,124.709
Shijiazhuang,URate,2027,120.841,118.311,123.371
Shijiazhuang,URate,2028,122.542,120.012,125.072
Shijiazhuang,URate,2029,123.276,120.746,125.806
Shijiazhuang,URate,2030,125.961,123.43,128.491
Tangshan,AW,2023,183.635,181.706,185.563
Tangshan,AW,2024,182.721,180.792,184.649
Tangshan,AW,2025,181.981,180.052,183.909
Tangshan,AW,2026,182.754,180.826,184.683
Tangshan,AW,2027,182.282,180.353,184.211
Tangshan,AW,2028,179.518,177.589,181.447
Tangshan,AW,2029,181.68,179.751,183.608
Tangshan,AW,2030,178.449,176.52,180.377
Tangshan,Beds,2023,170.301,167.754,172.849
Tangshan,Beds,2024,171.017,168.469,173.564
Tangshan,Beds,2025,169.495,166.947,172.042
Tangshan,Beds,2026,168.218,165.67,170.765
Tangshan,Beds,2027,166.288,163.74,168.835
Tangshan,Beds,2028,165.104,162.556,167.651
Tangshan,Beds,2029,163.166,160.618,165.714
Tangshan,Beds,2030,160.169,157.621,162.716
Tangshan,Bus,2023,119.604,117.703,121.504
Tangshan,Bus,2024,119.482,117.581,121.383
Tangshan,Bus,2025,119.623,117.722,121.524
Tangshan,Bus,2026,121.044,119.144,122.945
Tangshan,Bus,2027,119.092,117.191,120.992
Tangshan,Bus,2028,122.653,120.752,124.554
Tangshan,Bus,2029,120.82,118.919,122.72
Tangshan,Bus,2030,121.182,119.282,123.083
Tangshan,DEU,2023,129.359,127.718,131.0
Tangshan,DEU,2024,131.342,129.702,132.983
Tangshan,DEU,2025,133.27,131.629,134.911
Tangshan,DEU,2026,132.592,130.951,134.233
Tangshan,DEU,2027,135.063,133.423,136.704
Tangshan,DEU,2028,136.375,134.734,138.015
Tangshan,DEU,2029,137.948,136.307,139.588
Tangshan,DEU,2030,138.866,137.225,140.507
Tangshan,DWU,2023,75.167,73.527,76.806
Tangshan,DWU,2024,75.665,74.026,77.305
Tangshan,DWU,2025,78.226,76.586,79.865
Tangshan,DWU,2026,79.449,77.81,81.088
Tangshan,DWU,2027,80.409,78.769,82.048
Tangshan,DWU,2028,80.926,79.287,82.566
Tangshan,DWU,2029,82.188,80.549,83.828
Tangshan,DWU,2030,84.987,83.347,86.626
Tangshan,ERV,2023,174.27,172.979,175.561
Tangshan,ERV,2024,174.726,173.435,176.017
Tangshan,ERV,2025,174.784,173.493,176.075
Tangshan,ERV,2026,172.993,171.702,174.284
Tangshan,ERV,2027,172.595,171.304,173.886
Tangshan,ERV,2028,174.055,172.764,175.346
Tangshan,ERV,2029,173.817,172.526,175.108
Tangshan,ERV,2030,173.056,171.765,174.347
Tangshan,ESV,2023,101.306,99.848,102.763
Tangshan,ESV,2024,103.471,102.014,104.928
Tangshan,ESV,2025,102.67,101.213,104.127
Tangshan,ESV,2026,101.825,100.367,103.282
Tangshan,ESV,2027,104.497,103.039,105.954
Tangshan,ESV,2028,102.39,100.933,103.847
Tangshan,ESV,2029,103.971,102.514,105.428
Tangshan,ESV,2030,104.373,102.915,105.83
Tangshan,GCBA,2023,94.52,91.269,97.77
Tangshan,GCBA,2024,93.473,90.222,96.723
Tangshan,GCBA,2025,90.277,87.026,93.528
Tangshan,GCBA,2026,94.167,90.917,97.418
Tangshan,GCBA,2027,97.785,94.534,101.035
Tangshan,GCBA,2028,96.079,92.828,99.329
Tangshan,GCBA,2029,96.549,93.298,99.799
Tangshan,GCBA,2030,103.15,99.9,106.401
Tangshan,GDP,2023,188.149,186.948,189.35
Tangshan,GDP,2024,188.384,187.182,189.585
Tangshan,GDP,2025,190.436,189.235,191.637
Tangshan,GDP,2026,191.657,190.455,192.858
Tangshan,GDP,2027,193.75,192.549,194.952
Tangshan,GDP,2028,195.455,194.254,196.657
Tangshan,GDP,2029,197.044,195.843,198.245
Tangshan,GDP,2030,198.942,197.741,200.144
Tangshan,GSA,2023,193.394,191.176,195.613
Tangshan,GSA,2024,199.403,197.185,201.622
Tangshan,GSA,2025,197.015,194.797,199.234
Tangshan,GSA,2026,198.604,196.385,200.823
Tangshan,GSA,2027,199.594,197.375,201.812
Tangshan,GSA,2028,201.294,199.076,203.513
Tangshan,GSA,2029,203.46,201.241,205.679
Tangshan,GSA,2030,203.756,201.537,205.975
Tangshan,HETeach,2023,57.062,55.911,58.212
Tangshan,HETeach,2024,54.625,53.474,55.775
Tangshan,HETeach,2025,55.094,53.943,56.244
Tangshan,HETeach,2026,54.119,52.968,55.269
Tangshan,HETeach,2027,53.376,52.225,54.526
Tangshan,HETeach,2028,51.542,50.392,52.693
Tangshan,HETeach,2029,52.352,51.202,53.502
Tangshan,HETeach,2030,50.85,49.7,52.0
Tangshan,LFE,2023,184.728,182.872,186.585
Tangshan,LFE,2024,187.332,185.475,189.188
Tangshan,LFE,2025,186.769,184.912,188.625
Tangshan,LFE,2026,187.738,185.882,189.595
Tangshan,LFE,2027,186.807,184.95,188.663
Tangshan,LFE,2028,184.982,183.126,186.839
Tangshan,LFE,2029,185.421,183.565,187.278
Tangshan,LFE,2030,185.677,183.821,187.534
Tangshan,PD,2023,159.546,157.104,161.987
Tangshan,PD,2024,161.429,158.987,163.871
Tangshan,PD,2025,162.71,160.268,165.152
Tangshan,PD,2026,164.336,161.894,166.778
Tangshan,PD,2027,164.009,161.567,166.451
Tangshan,PD,2028,165.364,162.922,167.806
Tangshan,PD,2029,168.623,166.181,171.065
Tangshan,PD,2030,169.851,167.409,172.293
Tangshan,PIV,2023,151.781,149.561,154.0
Tangshan,PIV,2024,152.752,150.532,154.971
Tangshan,PIV,2025,155.796,153.577,158.016
Tangshan,PIV,2026,155.609,153.39,157.828
Tangshan,PIV,2027,156.509,154.289,158.728
Tangshan,PIV,2028,156.465,154.246,158.685
Tangshan,PIV,2029,159.93,157.71,162.149
Tangshan,PIV,2030,159.917,157.698,162.136
Tangshan,PRA,2023,135.934,133.614,138.255
Tangshan,PRA,2024,135.388,133.067,137.708
Tangshan,PRA,2025,135.541,133.221,137.862
Tangshan,PRA,2026,138.809,136.488,141.129
Tangshan,PRA,2027,138.483,136.163,140.804
Tangshan,PRA,2028,139.64,137.32,141.961
Tangshan,PRA,2029,138.458,136.138,140.779
Tangshan,PRA,2030,143.006,140.685,145.326
Tangshan,Phys,2023,94.24,91.404,97.076
Tangshan,Phys,2024,96.337,93.501,99.173
Tangshan,Phys,2025,92.98,90.144,95.815
Tangshan,Phys,2026,90.225,87.389,93.061
Tangshan,Phys,2027,90.387,87.551,93.223
Tangshan,Phys,2028,92.249,89.413,95.084
Tangshan,Phys,2029,92.17,89.334,95.006
Tangshan,Phys,2030,91.166,88.33,94.002
Tangshan,SIV,2023,159.914,158.678,161.15
Tangshan,SIV,2024,159.066,157.83,160.302
Tangshan,SIV,2025,157.807,156.571,159.043
Tangshan,SIV,2026,158.285,157.049,159.52
Tangshan,SIV,2027,156.124,154.888,157.36
Tangshan,SIV,2028,155.318,154.082,156.554
Tangshan,SIV,2029,156.136,154.9,157.372
Tangshan,SIV,2030,155.351,154.115,156.587
Tangshan,TIV,2023,120.257,119.277,121.236
Tangshan,TIV,2024,122.651,121.671,123.63
Tangshan,TIV,2025,123.741,122.761,124.72
Tangshan,TIV,2026,124.27,123.29,125.249
Tangshan,TIV,2027,127.11,126.13,128.089
Tangshan,TIV,2028,128.069,127.09,129.048
Tangshan,TIV,2029,129.45,128.471,130.43
Tangshan,TIV,2030,131.053,130.074,132.033
Tangshan,Teach,2023,197.998,195.372,200.624
Tangshan,Teach,2024,198.212,195.586,200.838
Tangshan,Teach,2025,199.23,196.604,201.856
Tangshan,Teach,2026,200.351,197.725,202.977
Tangshan,Teach,2027,199.941,197.316,202.567
Tangshan,Teach,2028,200.062,197.436,202.688
Tangshan,Teach,2029,203.263,200.637,205.889
Tangshan,Teach,2030,200.6,197.974,203.226
Tangshan,UR,2023,85.251,83.808,86.694
Tangshan,UR,2024,83.111,81.667,84.554
Tangshan,UR,2025,84.507,83.063,85.95
Tangshan,UR,2026,83.025,81.581,84.468
Tangshan,UR,2027,82.574,81.131,84.018
Tangshan,UR,2028,80.661,79.218,82.104
Tangshan,UR,2029,80.564,79.121,82.008
Tangshan,UR,2030,81.621,80.178,83.065
Tangshan,URate,2023,170.556,168.717,172.395
Tangshan,URate,2024,171.331,169.492,173.17
Tangshan,URate,2025,171.823,169.984,173.662
Tangshan,URate,2026,171.886,170.047,173.725
Tangshan,URate,2027,172.319,170.48,174.158
Tangshan,URate,2028,174.471,172.632,176.31
Tangshan,URate,2029,171.703,169.864,173.541
Tangshan,URate,2030,172.897,171.058,174.736
Qinhuangdao,AW,2023,120.204,117.913,122.496
Qinhuangdao,AW,2024,118.371,116.08,120.663
Qinhuangdao,AW,2025,120.608,118.316,122.899
Qinhuangdao,AW,2026,120.392,118.1,122.683
Qinhuangdao,AW,2027,120.91,118.618,123.201
Qinhuangdao,AW,2028,119.782,117.491,122.074
Qinhuangdao,AW,2029,119.002,116.71,121.294
Qinhuangdao,AW,2030,118.705,116.413,120.996
Qinhuangdao,Beds,2023,75.778,74.108,77.447
Qinhuangdao,Beds,2024,75.964,74.294,77.634
Qinhuangdao,Beds,2025,74.793,73.123,76.462
Qinhuangdao,Beds,2026,74.329,72.66,75.999
Qinhuangdao,Beds,2027,73.245,71.575,74.914
Qinhuangdao,Beds,2028,71.37,69.7,73.04
Qinhuangdao,Beds,2029,70.056,68.387,71.726
Qinhuangdao,Beds,2030,68.344,66.675,70.014
Qinhuangdao,Bus,2023,139.29,137.58,140.999
Qinhuangdao,Bus,2024,139.027,137.318,140.737
Qinhuangdao,Bus,2025,139.437,137.728,141.147
Qinhuangdao,Bus,2026,138.956,137.246,140.665
Qinhuangdao,Bus,2027,138.563,136.853,140.272
Qinhuangdao,Bus,2028,138.26,136.55,139.969
Qinhuangdao,Bus,2029,137.872,136.162,139.581
Qinhuangdao,Bus,2030,138.561,136.851,140.27
Qinhuangdao,DEU,2023,64.734,62.597,66.871
Qinhuangdao,DEU,2024,67.078,64.94,69.215
Qinhuangdao,DEU,2025,65.412,63.275,67.549
Qinhuangdao,DEU,2026,64.815,62.678,66.952
Qinhuangdao,DEU,2027,62.879,60.742,65.017
Qinhuangdao,DEU,2028,62.913,60.776,65.051
Qinhuangdao,DEU,2029,62.653,60.516,64.79
Qinhuangdao,DEU,2030,64.03,61.893,66.167
Qinhuangdao,DWU,2023,148.816,146.431,151.201
Qinhuangdao,DWU,2024,150.509,148.124,152.893
Qinhuangdao,DWU,2025,150.712,148.328,153.097
Qinhuangdao,DWU,2026,153.556,151.172,155.941
Qinhuangdao,DWU,2027,152.074,149.689,154.458
Qinhuangdao,DWU,2028,154.018,151.633,156.402
Qinhuangdao,DWU,2029,156.756,154.371,159.141
Qinhuangdao,DWU,2030,156.303,153.918,158.688
Qinhuangdao,ERV,2023,138.573,138.003,139.142
Qinhuangdao,ERV,2024,139.263,138.693,139.832
Qinhuangdao,ERV,2025,139.267,138.697,139.836
Qinhuangdao,ERV,2026,139.916,139.346,140.485
Qinhuangdao,ERV,2027,140.741,140.171,141.311
Qinhuangdao,ERV,2028,140.883,140.314,141.453
Qinhuangdao,ERV,2029,141.884,141.315,142.454
Qinhuangdao,ERV,2030,142.299,141.73,142.869
Qinhuangdao,ESV,2023,129.127,127.684,130.571
Qinhuangdao,ESV,2024,129.123,127.68,130.567
Qinhuangdao,ESV,2025,128.126,126.682,129.57
Qinhuangdao,ESV,2026,125.872,124.428,127.316
Qinhuangdao,ESV,2027,125.722,124.278,127.166
Qinhuangdao,ESV,2028,123.948,122.504,125.392
Qinhuangdao,ESV,2029,124.66,123.216,126.104
Qinhuangdao,ESV,2030,122.793,121.349,124.237
Qinhuangdao,GCBA,2023,105.606,103.456,107.756
Qinhuangdao,GCBA,2024,103.992,101.842,106.142
Qinhuangdao,GCBA,2025,104.93,102.781,107.08
Qinhuangdao,GCBA,2026,103.088,100.939,105.238
Qinhuangdao,GCBA,2027,103.514,101.364,105.664
Qinhuangdao,GCBA,2028,104.893,102.743,107.042
Qinhuangdao,GCBA,2029,102.993,100.843,105.142
Qinhuangdao,GCBA,2030,105.348,103.198,107.498
Qinhuangdao,GDP,2023,171.44,169.288,173.591
Qinhuangdao,GDP,2024,168.797,166.645,170.948
Qinhuangdao,GDP,2025,169.571,167.419,171.723
Qinhuangdao,GDP,2026,169.139,166.987,171.291
Qinhuangdao,GDP,2027,166.781,164.629,168.933
Qinhuangdao,GDP,2028,166.809,164.657,168.961
Qinhuangdao,GDP,2029,167.874,165.722,170.026
Qinhuangdao,GDP,2030,167.029,164.877,169.181
Qinhuangdao,GSA,2023,64.483,62.567,66.399
Qinhuangdao,GSA,2024,66.156,64.24,68.072
Qinhuangdao,GSA,2025,66.85,64.934,68.765
Qinhuangdao,GSA,2026,68.915,66.999,70.831
Qinhuangdao,GSA,2027,69.863,67.947,71.779
Qinhuangdao,GSA,2028,69.21,67.294,71.126
Qinhuangdao,GSA,2029,70.38,68.465,72.296
Qinhuangdao,GSA,2030,70.573,68.658,72.489
Qinhuangdao,HETeach,2023,98.94,97.353,100.528
Qinhuangdao,HETeach,2024,97.738,96.151,99.326
Qinhuangdao,HETeach,2025,97.775,96.188,99.363
Qinhuangdao,HETeach,2026,97.871,96.284,99.459
Qinhuangdao,HETeach,2027,99.317,97.729,100.904
Qinhuangdao,HETeach,2028,100.532,98.945,102.12
Qinhuangdao,HETeach,2029,101.404,99.816,102.991
Qinhuangdao,HETeach,2030,100.041,98.454,101.629
Qinhuangdao,LFE,2023,118.144,115.818,120.47
Qinhuangdao,LFE,2024,117.88,115.553,120.206
Qinhuangdao,LFE,2025,117.861,115.535,120.187
Qinhuangdao,LFE,2026,116.772,114.446,119.099
Qinhuangdao,LFE,2027,118.284,115.958,120.61
Qinhuangdao,LFE,2028,118.987,116.66,121.313
Qinhuangdao,LFE,2029,116.826,114.5,119.152
Qinhuangdao,LFE,2030,120.287,117.961,122.613
Qinhuangdao,PD,2023,183.682,182.414,184.95
Qinhuangdao,PD,2024,182.939,181.671,184.206
Qinhuangdao,PD,2025,184.22,182.952,185.488
Qinhuangdao,PD,2026,182.761,181.493,184.028
Qinhuangdao,PD,2027,186.013,184.745,187.28
Qinhuangdao,PD,2028,186.351,185.083,187.619
Qinhuangdao,PD,2029,186.896,185.628,188.164
Qinhuangdao,PD,2030,186.439,185.171,187.707
Qinhuangdao,PIV,2023,90.884,90.089,91.679
Qinhuangdao,PIV,2024,92.339,91.544,93.134
Qinhuangdao,PIV,2025,91.669,90.874,92.464
Qinhuangdao,PIV,2026,91.358,90.563,92.153
Qinhuangdao,PIV,2027,92.789,91.994,93.583
Qinhuangdao,PIV,2028,93.548,92.754,94.343
Qinhuangdao,PIV,2029,93.479,92.684,94.273
Qinhuangdao,PIV,2030,94.728,93.933,95.523
Qinhuangdao,PRA,2023,135.977,134.329,137.624
Qinhuangdao,PRA,2024,137.409,135.762,139.056
Qinhuangdao,PRA,2025,138.469,136.821,140.116
Qinhuangdao,PRA,2026,139.21,137.562,140.857
Qinhuangdao,PRA,2027,143.012,141.365,144.659
Qinhuangdao,PRA,2028,142.171,140.524,143.819
Qinhuangdao,PRA,2029,145.367,143.72,147.015
Qinhuangdao,PRA,2030,145.169,143.522,146.817
Qinhuangdao,Phys,2023,132.435,131.115,133.755
Qinhuangdao,Phys,2024,131.625,130.305,132.945
Qinhuangdao,Phys,2025,130.471,129.151,131.791
Qinhuangdao,Phys,2026,129.705,128.385,131.025
Qinhuangdao,Phys,2027,128.233,126.913,129.552
Qinhuangdao,Phys,2028,127.887,126.567,129.207
Qinhuangdao,Phys,2029,126.331,125.011,127.65
Qinhuangdao,Phys,2030,124.822,123.502,126.142
Qinhuangdao,SIV,2023,150.696,149.7,151.691
Qinhuangdao,SIV,2024,151.316,150.32,152.312
Qinhuangdao,SIV,2025,154.622,153.626,155.618
Qinhuangdao,SIV,2026,155.12,154.124,156.116
Qinhuangdao,SIV,2027,156.619,155.623,157.615
Qinhuangdao,SIV,2028,159.567,158.571,160.563
Qinhuangdao,SIV,2029,161.139,160.144,162.135
Qinhuangdao,SIV,2030,162.22,161.224,163.216
Qinhuangdao,TIV,2023,95.918,95.4,96.436
Qinhuangdao,TIV,2024,96.721,96.203,97.239
Qinhuangdao,TIV,2025,97.382,96.864,97.9
Qinhuangdao,TIV,2026,97.613,97.095,98.131
Qinhuangdao,TIV,2027,98.523,98.005,99.041
Qinhuangdao,TIV,2028,98.521,98.003,99.039
Qinhuangdao,TIV,2029,99.357,98.839,99.875
Qinhuangdao,TIV,2030,99.536,99.018,100.054
Qinhuangdao,Teach,2023,95.475,93.344,97.605
Qinhuangdao,Teach,2024,93.686,91.556,95.817
Qinhuangdao,Teach,2025,96.241,94.11,98.371
Qinhuangdao,Teach,2026,93.007,90.877,95.138
Qinhuangdao,Teach,2027,92.523,90.392,94.653
Qinhuangdao,Teach,2028,91.939,89.808,94.069
Qinhuangdao,Teach,2029,93.712,91.582,95.843
Qinhuangdao,Teach,2030,88.869,86.739,91.0
Qinhuangdao,UR,2023,53.498,52.403,54.594
Qinhuangdao,UR,2024,53.857,52.761,54.952
Qinhuangdao,UR,2025,52.931,51.836,54.027
Qinhuangdao,UR,2026,52.182,51.087,53.278
Qinhuangdao,UR,2027,53.324,52.229,54.42
Qinhuangdao,UR,2028,53.174,52.079,54.269
Qinhuangdao,UR,2029,51.728,50.632,52.823
Qinhuangdao,UR,2030,51.697,50.602,52.792
Qinhuangdao,URate,2023,123.962,122.93,124.995
Qinhuangdao,URate,2024,124.459,123.427,125.492
Qinhuangdao,URate,2025,124.198,123.165,125.23
Qinhuangdao,URate,2026,125.109,124.077,126.142
Qinhuangdao,URate,2027,126.387,125.354,127.419
Qinhuangdao,URate,2028,126.038,125.005,127.071
Qinhuangdao,URate,2029,125.606,124.573,126.638
Qinhuangdao,URate,2030,127.759,126.727,128.792
Handan,AW,2023,73.274,70.209,76.338
Handan,AW,2024,74.184,71.119,77.248
Handan,AW,2025,74.126,71.061,77.19
Handan,AW,2026,77.224,74.159,80.288
Handan,AW,2027,74.581,71.516,77.645
Handan,AW,2028,78.166,75.102,81.231
Handan,AW,2029,78.882,75.818,81.947
Handan,AW,2030,81.337,78.272,84.402
Handan,Beds,2023,63.184,61.798,64.57
Handan,Beds,2024,63.703,62.317,65.089
Handan,Beds,2025,63.686,62.3,65.072
Handan,Beds,2026,60.755,59.369,62.141
Handan,Beds,2027,59.572,58.186,60.958
Handan,Beds,2028,59.341,57.955,60.727
Handan,Beds,2029,57.784,56.398,59.17
Handan,Beds,2030,57.302,55.916,58.688
Handan,Bus,2023,128.428,125.197,131.659
Handan,Bus,2024,131.404,128.173,134.635
Handan,Bus,2025,131.205,127.973,134.436
Handan,Bus,2026,133.059,129.828,136.29
Handan,Bus,2027,129.377,126.146,132.609
Handan,Bus,2028,131.094,127.863,134.325
Handan,Bus,2029,129.086,125.854,132.317
Handan,Bus,2030,127.848,124.617,131.079
Handan,DEU,2023,77.048,75.203,78.894
Handan,DEU,2024,77.587,75.742,79.432
Handan,DEU,2025,80.803,78.958,82.649
Handan,DEU,2026,80.803,78.958,82.649
Handan,DEU,2027,80.854,79.009,82.7
Handan,DEU,2028,84.772,82.927,86.618
Handan,DEU,2029,87.136,85.29,88.981
Handan,DEU,2030,88.317,86.472,90.162
Handan,DWU,2023,51.627,49.533,53.721
Handan,DWU,2024,49.857,47.762,51.951
Handan,DWU,2025,52.938,50.844,55.033
Handan,DWU,2026,52.325,50.231,54.42
Handan,DWU,2027,51.988,49.894,54.082
Handan,DWU,2028,54.469,52.375,56.563
Handan,DWU,2029,54.419,52.325,56.513
Handan,DWU,2030,55.23,53.136,57.325
Handan,ERV,2023,198.015,197.47,198.561
Handan,ERV,2024,197.554,197.009,198.1
Handan,ERV,2025,196.655,196.109,197.2
Handan,ERV,2026,195.83,195.284,196.376
Handan,ERV,2027,195.176,194.63,195.722
Handan,ERV,2028,195.181,194.636,195.727
Handan,ERV,2029,194.345,193.799,194.89
Handan,ERV,2030,193.468,192.923,194.014
Handan,ESV,2023,96.217,93.57,98.864
Handan,ESV,2024,96.667,94.02,99.314
Handan,ESV,2025,96.64,93.992,99.287
Handan,ESV,2026,97.134,94.487,99.781
Handan,ESV,2027,95.43,92.783,98.077
Handan,ESV,2028,97.708,95.061,100.355
Handan,ESV,2029,96.853,94.205,99.5
Handan,ESV,2030,96.449,93.801,99.096
Handan,GCBA,2023,156.216,153.627,158.806
Handan,GCBA,2024,155.786,153.197,158.375
Handan,GCBA,2025,156.418,153.829,159.008
Handan,GCBA,2026,154.605,152.016,157.195
Handan,GCBA,2027,155.806,153.216,158.395
Handan,GCBA,2028,152.776,150.187,155.366
Handan,GCBA,2029,155.109,152.52,157.699
Handan,GCBA,2030,152.225,149.636,154.815
Handan,GDP,2023,74.569,73.222,75.916
Handan,GDP,2024,75.535,74.188,76.881
Handan,GDP,2025,75.936,74.589,77.283
Handan,GDP,2026,77.411,76.064,78.758
Handan,GDP,2027,77.619,76.272,78.966
Handan,GDP,2028,78.152,76.805,79.499
Handan,GDP,2029,78.83,77.483,80.176
Handan,GDP,2030,80.618,79.271,81.965
Handan,GSA,2023,126.804,123.663,129.944
Handan,GSA,2024,129.318,126.177,132.458
Handan,GSA,2025,128.795,125.654,131.935
Handan,GSA,2026,126.111,122.97,129.251
Handan,GSA,2027,123.836,120.696,126.977
Handan,GSA,2028,124.7,121.559,127.84
Handan,GSA,2029,125.708,122.568,128.848
Handan,GSA,2030,122.406,119.265,125.546
Handan,HETeach,2023,168.109,165.568,170.65
Handan,HETeach,2024,167.298,164.757,169.839
Handan,HETeach,2025,166.901,164.36,169.442
Handan,HETeach,2026,162.814,160.273,165.355
Handan,HETeach,2027,166.517,163.976,169.058
Handan,HETeach,2028,165.677,163.136,168.218
Handan,HETeach,2029,165.995,163.454,168.536
Handan,HETeach,2030,163.536,160.995,166.077
Handan,LFE,2023,63.222,61.454,64.991
Handan,LFE,2024,62.7,60.931,64.468
Handan,LFE,2025,65.26,63.492,67.028
Handan,LFE,2026,66.283,64.515,68.052
Handan,LFE,2027,67.288,65.519,69.056
Handan,LFE,2028,69.419,67.651,71.188
Handan,LFE,2029,68.534,66.765,70.302
Handan,LFE,2030,69.267,67.498,71.035
Handan,PD,2023,197.907,194.503,201.31
Handan,PD,2024,196.369,192.965,199.773
Handan,PD,2025,199.812,196.409,203.216
Handan,PD,2026,198.674,195.27,202.077
Handan,PD,2027,199.936,196.532,203.34
Handan,PD,2028,201.128,197.724,204.531
Handan,PD,2029,198.036,194.632,201.439
Handan,PD,2030,198.772,195.369,202.176
Handan,PIV,2023,183.016,181.735,184.297
Handan,PIV,2024,183.871,182.59,185.152
Handan,PIV,2025,183.407,182.126,184.688
Handan,PIV,2026,184.892,183.611,186.173
Handan,PIV,2027,184.835,183.555,186.116
Handan,PIV,2028,185.701,184.42,186.981
Handan,PIV,2029,185.684,184.403,186.965
Handan,PIV,2030,186.97,185.689,188.251
Handan,PRA,2023,165.094,161.998,168.19
Handan,PRA,2024,166.61,163.514,169.706
Handan,PRA,2025,165.798,162.702,168.895
Handan,PRA,2026,171.611,168.515,174.707
Handan,PRA,2027,172.276,169.18,175.372
Handan,PRA,2028,174.761,171.665,177.857
Handan,PRA,2029,170.173,167.077,173.269
Handan,PRA,2030,175.506,172.409,178.602
Handan,Phys,2023,130.43,129.048,131.812
Handan,Phys,2024,127.61,126.228,128.992
Handan,Phys,2025,127.471,126.089,128.852
Handan,Phys,2026,126.486,125.104,127.867
Handan,Phys,2027,126.247,124.866,127.629
Handan,Phys,2028,124.543,123.161,125.924
Handan,Phys,2029,124.518,123.136,125.899
Handan,Phys,2030,122.669,121.287,124.05
Handan,SIV,2023,183.107,181.804,184.41
Handan,SIV,2024,181.474,180.171,182.777
Handan,SIV,2025,180.591,179.289,181.894
Handan,SIV,2026,178.493,177.191,179.796
Handan,SIV,2027,178.801,177.498,180.104
Handan,SIV,2028,177.442,176.139,178.744
Handan,SIV,2029,177.206,175.903,178.508
Handan,SIV,2030,176.709,175.406,178.011
Handan,TIV,2023,75.938,74.776,77.1
Handan,TIV,2024,76.36,75.199,77.522
Handan,TIV,2025,76.905,75.744,78.067
Handan,TIV,2026,77.67,76.508,78.831
Handan,TIV,2027,78.781,77.619,79.942
Handan,TIV,2028,78.834,77.672,79.996
Handan,TIV,2029,78.638,77.476,79.8
Handan,TIV,2030,79.129,77.967,80.29
Handan,Teach,2023,66.834,65.52,68.148
Handan,Teach,2024,68.616,67.302,69.93
Handan,Teach,2025,69.009,67.695,70.323
Handan,Teach,2026,71.829,70.515,73.143
Handan,Teach,2027,73.31,71.996,74.624
Handan,Teach,2028,75.113,73.799,76.427
Handan,Teach,2029,77.154,75.84,78.468
Handan,Teach,2030,79.204,77.89,80.518
Handan,UR,2023,158.441,156.375,160.507
Handan,UR,2024,159.717,157.651,161.784
Handan,UR,2025,162.209,160.143,164.275
Handan,UR,2026,162.488,160.421,164.554
Handan,UR,2027,162.173,160.107,164.239
Handan,UR,2028,162.808,160.742,164.874
Handan,UR,2029,167.004,164.938,169.07
Handan,UR,2030,168.22,166.154,170.286
Handan,URate,2023,132.011,129.949,134.073
Handan,URate,2024,133.575,131.513,135.637
Handan,URate,2025,135.926,133.864,137.987
Handan,URate,2026,136.066,134.005,138.128
Handan,URate,2027,140.082,138.02,142.143
Handan,URate,2028,139.949,137.888,142.011
Handan,URate,2029,143.359,141.298,145.421
Handan,URate,2030,144.047,141.986,146.109
Xingtai,AW,2023,68.998,67.881,70.115
Xingtai,AW,2024,70.726,69.609,71.843
Xingtai,AW,2025,70.879,69.762,71.996
Xingtai,AW,2026,71.585,70.468,72.702
Xingtai,AW,2027,72.104,70.987,73.221
Xingtai,AW,2028,73.601,72.484,74.717
Xingtai,AW,2029,74.043,72.926,75.16
Xingtai,AW,2030,74.385,73.268,75.502
Xingtai,Beds,2023,87.403,86.034,88.772
Xingtai,Beds,2024,89.69,88.321,91.059
Xingtai,Beds,2025,91.197,89.828,92.566
Xingtai,Beds,2026,93.755,92.386,95.124
Xingtai,Beds,2027,94.26,92.891,95.629
Xingtai,Beds,2028,96.941,95.572,98.31
Xingtai,Beds,2029,98.424,97.055,99.793
Xingtai,Beds,2030,98.802,97.433,100.171
Xingtai,Bus,2023,85.869,84.523,87.216
Xingtai,Bus,2024,86.796,85.45,88.143
Xingtai,Bus,2025,89.224,87.877,90.57
Xingtai,Bus,2026,89.384,88.038,90.731
Xingtai,Bus,2027,91.291,89.945,92.638
Xingtai,Bus,2028,94.367,93.02,95.713
Xingtai,Bus,2029,94.895,93.549,96.242
Xingtai,Bus,2030,96.002,94.656,97.349
Xingtai,DEU,2023,55.52,52.641,58.399
Xingtai,DEU,2024,58.724,55.845,61.603
Xingtai,DEU,2025,58.878,55.999,61.757
Xingtai,DEU,2026,59.4,56.521,62.279
Xingtai,DEU,2027,58.345,55.466,61.224
Xingtai,DEU,2028,58.822,55.943,61.701
Xingtai,DEU,2029,58.856,55.977,61.735
Xingtai,DEU,2030,59.885,57.006,62.764
Xingtai,DWU,2023,131.918,130.324,133.512
Xingtai,DWU,2024,134.057,132.463,135.651
Xingtai,DWU,2025,131.873,130.279,133.467
Xingtai,DWU,2026,133.029,131.435,134.623
Xingtai,DWU,2027,133.871,132.277,135.465
Xingtai,DWU,2028,132.91,131.316,134.504
Xingtai,DWU,2029,132.577,130.983,134.171
Xingtai,DWU,2030,133.073,131.479,134.667
Xingtai,ERV,2023,102.157,101.071,103.243
Xingtai,ERV,2024,100.743,99.656,101.829
Xingtai,ERV,2025,98.714,97.628,99.8
Xingtai,ERV,2026,98.496,97.41,99.582
Xingtai,ERV,2027,96.9,95.813,97.986
Xingtai,ERV,2028,97.417,96.331,98.503
Xingtai,ERV,2029,95.993,94.907,97.079
Xingtai,ERV,2030,95.367,94.281,96.453
Xingtai,ESV,2023,151.873,148.744,155.003
Xingtai,ESV,2024,148.722,145.592,151.851
Xingtai,ESV,2025,145.541,142.411,148.67
Xingtai,ESV,2026,150.831,147.701,153.96
Xingtai,ESV,2027,147.031,143.902,150.161
Xingtai,ESV,2028,147.154,144.025,150.284
Xingtai,ESV,2029,145.488,142.359,148.618
Xingtai,ESV,2030,145.161,142.032,148.29
Xingtai,GCBA,2023,197.909,196.056,199.763
Xingtai,GCBA,2024,197.003,195.15,198.857
Xingtai,GCBA,2025,196.934,195.08,198.787
Xingtai,GCBA,2026,195.006,193.152,196.859
Xingtai,GCBA,2027,193.604,191.75,195.457
Xingtai,GCBA,2028,195.605,193.751,197.458
Xingtai,GCBA,2029,193.995,192.141,195.848
Xingtai,GCBA,2030,193.544,191.691,195.398
Xingtai,GDP,2023,146.997,144.745,149.249
Xingtai,GDP,2024,146.284,144.031,148.536
Xingtai,GDP,2025,146.337,144.085,148.59
Xingtai,GDP,2026,144.317,142.064,146.569
Xingtai,GDP,2027,144.434,142.181,146.686
Xingtai,GDP,2028,142.906,140.654,145.158
Xingtai,GDP,2029,143.578,141.326,145.831
Xingtai,GDP,2030,142.91,140.658,145.162
Xingtai,GSA,2023,190.307,189.166,191.447
Xingtai,GSA,2024,190.466,189.326,191.607
Xingtai,GSA,2025,191.877,190.737,193.018
Xingtai,GSA,2026,192.671,191.531,193.812
Xingtai,GSA,2027,194.34,193.2,195.481
Xingtai,GSA,2028,194.507,193.366,195.647
Xingtai,GSA,2029,196.051,194.911,197.192
Xingtai,GSA,2030,197.486,196.346,198.627
Xingtai,HETeach,2023,117.06,114.459,119.661
Xingtai,HETeach,2024,118.526,115.924,121.127
Xingtai,HETeach,2025,121.173,118.572,123.774
Xingtai,HETeach,2026,121.883,119.282,124.484
Xingtai,HETeach,2027,122.709,120.108,125.31
Xingtai,HETeach,2028,124.512,121.911,127.113
Xingtai,HETeach,2029,131.581,128.98,134.183
Xingtai,HETeach,2030,127.097,124.496,129.698
Xingtai,LFE,2023,146.889,144.168,149.61
Xingtai,LFE,2024,145.283,142.562,148.004
Xingtai,LFE,2025,146.52,143.799,149.241
Xingtai,LFE,2026,143.181,140.46,145.902
Xingtai,LFE,2027,143.128,140.407,145.849
Xingtai,LFE,2028,145.37,142.649,148.092
Xingtai,LFE,2029,140.732,138.011,143.453
Xingtai,LFE,2030,142.24,139.519,144.961
Xingtai,PD,2023,157.081,154.993,159.169
Xingtai,PD,2024,158.693,156.605,160.78
Xingtai,PD,2025,159.557,157.469,161.645
Xingtai,PD,2026,161.598,159.51,163.686
Xingtai,PD,2027,165.072,162.984,167.16
Xingtai,PD,2028,165.037,162.949,167.125
Xingtai,PD,2029,167.539,165.451,169.627
Xingtai,PD,2030,168.095,166.007,170.183
Xingtai,PIV,2023,179.961,178.291,181.631
Xingtai,PIV,2024,178.197,176.527,179.867
Xingtai,PIV,2025,178.967,177.297,180.637
Xingtai,PIV,2026,177.301,175.631,178.972
Xingtai,PIV,2027,179.538,177.868,181.209
Xingtai,PIV,2028,179.106,177.436,180.776
Xingtai,PIV,2029,177.89,176.22,179.56
Xingtai,PIV,2030,179.705,178.035,181.375
Xingtai,PRA,2023,154.03,152.97,155.09
Xingtai,PRA,2024,156.764,155.705,157.824
Xingtai,PRA,2025,157.911,156.852,158.971
Xingtai,PRA,2026,160.361,159.302,161.421
Xingtai,PRA,2027,161.479,160.419,162.539
Xingtai,PRA,2028,163.014,161.954,164.074
Xingtai,PRA,2029,164.248,163.188,165.308
Xingtai,PRA,2030,165.169,164.109,166.229
Xingtai,Phys,2023,112.941,110.468,115.414
Xingtai,Phys,2024,113.383,110.91,115.856
Xingtai,Phys,2025,112.799,110.326,115.272
Xingtai,Phys,2026,113.69,111.217,116.163
Xingtai,Phys,2027,113.109,110.636,115.581
Xingtai,Phys,2028,113.996,111.523,116.469
Xingtai,Phys,2029,113.416,110.943,115.889
Xingtai,Phys,2030,115.011,112.538,117.484
Xingtai,SIV,2023,108.006,105.523,110.489
Xingtai,SIV,2024,111.15,108.667,113.632
Xingtai,SIV,2025,111.682,109.199,114.165
Xingtai,SIV,2026,112.528,110.045,115.01
Xingtai,SIV,2027,112.385,109.903,114.868
Xingtai,SIV,2028,116.75,114.267,119.232
Xingtai,SIV,2029,117.139,114.656,119.622
Xingtai,SIV,2030,120.099,117.616,122.582
Xingtai,TIV,2023,94.728,93.243,96.214
Xingtai,TIV,2024,94.671,93.186,96.156
Xingtai,TIV,2025,94.477,92.992,95.962
Xingtai,TIV,2026,96.574,95.089,98.06
Xingtai,TIV,2027,95.896,94.41,97.381
Xingtai,TIV,2028,97.252,95.767,98.737
Xingtai,TIV,2029,98.872,97.386,100.357
Xingtai,TIV,2030,98.865,97.38,100.35
Xingtai,Teach,2023,94.196,91.679,96.712
Xingtai,Teach,2024,94.36,91.843,96.877
Xingtai,Teach,2025,95.272,92.756,97.789
Xingtai,Teach,2026,98.768,96.251,101.285
Xingtai,Teach,2027,99.993,97.477,102.51
Xingtai,Teach,2028,100.924,98.407,103.44
Xingtai,Teach,2029,104.185,101.668,106.702
Xingtai,Teach,2030,107.294,104.777,109.811
Xingtai,UR,2023,66.882,65.499,68.265
Xingtai,UR,2024,68.638,67.256,70.021
Xingtai,UR,2025,70.677,69.295,72.06
Xingtai,UR,2026,69.647,68.264,71.03
Xingtai,UR,2027,72.133,70.751,73.516
Xingtai,UR,2028,73.006,71.624,74.389
Xingtai,UR,2029,75.384,74.001,76.767
Xingtai,UR,2030,75.312,73.929,76.694
Xingtai,URate,2023,142.197,140.448,143.946
Xingtai,URate,2024,139.663,137.914,141.411
Xingtai,URate,2025,141.09,139.341,142.838
Xingtai,URate,2026,139.922,138.173,141.671
Xingtai,URate,2027,139.669,137.92,141.417
Xingtai,URate,2028,138.715,136.966,140.464
Xingtai,URate,2029,138.121,136.372,139.87
Xingtai,URate,2030,137.96,136.211,139.709
Baoding,AW,2023,52.975,51.19,54.761
Baoding,AW,2024,54.798,53.013,56.583
Baoding,AW,2025,55.521,53.736,57.306
Baoding,AW,2026,55.048,53.263,56.833
Baoding,AW,2027,56.97,55.185,58.756
Baoding,AW,2028,56.979,55.193,58.764
Baoding,AW,2029,54.951,53.166,56.737
Baoding,AW,2030,58.421,56.635,60.206
Baoding,Beds,2023,66.681,64.965,68.397
Baoding,Beds,2024,70.838,69.122,72.554
Baoding,Beds,2025,70.359,68.643,72.075
Baoding,Beds,2026,70.868,69.152,72.584
Baoding,Beds,2027,71.277,69.561,72.993
Baoding,Beds,2028,74.455,72.739,76.171
Baoding,Beds,2029,75.735,74.019,77.451
Baoding,Beds,2030,75.307,73.591,77.023
Baoding,Bus,2023,106.742,103.912,109.572
Baoding,Bus,2024,105.436,102.606,108.266
Baoding,Bus,2025,105.921,103.091,108.751
Baoding,Bus,2026,105.557,102.727,108.387
Baoding,Bus,2027,103.337,100.507,106.167
Baoding,Bus,2028,102.627,99.797,105.457
Baoding,Bus,2029,99.082,96.252,101.912
Baoding,Bus,2030,99.306,96.476,102.136
Baoding,DEU,2023,108.875,107.109,110.642
Baoding,DEU,2024,108.458,106.692,110.224
Baoding,DEU,2025,109.936,108.17,111.702
Baoding,DEU,2026,107.576,105.81,109.343
Baoding,DEU,2027,107.832,106.066,109.598
Baoding,DEU,2028,106.515,104.749,108.281
Baoding,DEU,2029,106.324,104.557,108.09
Baoding,DEU,2030,104.404,102.638,106.17
Baoding,DWU,2023,196.22,194.458,197.982
Baoding,DWU,2024,196.737,194.976,198.499
Baoding,DWU,2025,194.96,193.198,196.722
Baoding,DWU,2026,194.401,192.639,196.162
Baoding,DWU,2027,194.421,192.659,196.182
Baoding,DWU,2028,192.844,191.082,194.606
Baoding,DWU,2029,190.832,189.07,192.594
Baoding,DWU,2030,192.557,190.795,194.319
Baoding,ERV,2023,120.373,119.271,121.476
Baoding,ERV,2024,122.087,120.985,123.19
Baoding,ERV,2025,122.001,120.899,123.104
Baoding,ERV,2026,120.482,119.38,121.585
Baoding,ERV,2027,121.353,120.25,122.455
Baoding,ERV,2028,121.07,119.968,122.173
Baoding,ERV,2029,120.973,119.871,122.076
Baoding,ERV,2030,121.434,120.332,122.537
Baoding,ESV,2023,146.793,144.951,148.635
Baoding,ESV,2024,148.395,146.552,150.237
Baoding,ESV,2025,148.838,146.996,150.68
Baoding,ESV,2026,151.028,149.185,152.87
Baoding,ESV,2027,152.673,150.831,154.515
Baoding,ESV,2028,155.812,153.97,157.654
Baoding,ESV,2029,156.617,154.775,158.459
Baoding,ESV,2030,158.157,156.315,159.999
Baoding,GCBA,2023,56.631,54.079,59.183
Baoding,GCBA,2024,58.391,55.839,60.943
Baoding,GCBA,2025,57.47,54.918,60.023
Baoding,GCBA,2026,62.717,60.165,65.27
Baoding,GCBA,2027,61.547,58.995,64.099
Baoding,GCBA,2028,62.808,60.256,65.361
Baoding,GCBA,2029,58.955,56.403,61.507
Baoding,GCBA,2030,60.401,57.849,62.954
Baoding,GDP,2023,173.21,171.437,174.982
Baoding,GDP,2024,174.08,172.307,175.852
Baoding,GDP,2025,177.4,175.628,179.173
Baoding,GDP,2026,179.281,177.508,181.053
Baoding,GDP,2027,180.269,178.497,182.042
Baoding,GDP,2028,181.874,180.101,183.646
Baoding,GDP,2029,179.425,177.652,181.197
Baoding,GDP,2030,184.941,183.168,186.713
Baoding,GSA,2023,140.213,137.593,142.833
Baoding,GSA,2024,138.892,136.271,141.512
Baoding,GSA,2025,141.233,138.613,143.854
Baoding,GSA,2026,143.074,140.454,145.695
Baoding,GSA,2027,141.793,139.173,144.413
Baoding,GSA,2028,141.862,139.242,144.482
Baoding,GSA,2029,144.783,142.163,147.403
Baoding,GSA,2030,142.523,139.903,145.144
Baoding,HETeach,2023,117.324,114.729,119.919
Baoding,HETeach,2024,119.741,117.146,122.336
Baoding,HETeach,2025,123.253,120.658,125.848
Baoding,HETeach,2026,124.131,121.535,126.726
Baoding,HETeach,2027,125.371,122.775,127.966
Baoding,HETeach,2028,126.95,124.355,129.545
Baoding,HETeach,2029,129.398,126.803,131.993
Baoding,HETeach,2030,131.909,129.314,134.504
Baoding,LFE,2023,142.229,141.011,143.447
Baoding,LFE,2024,141.572,140.354,142.79
Baoding,LFE,2025,139.142,137.924,140.36
Baoding,LFE,2026,139.415,138.197,140.633
Baoding,LFE,2027,138.95,137.732,140.168
Baoding,LFE,2028,137.75,136.532,138.968
Baoding,LFE,2029,137.617,136.399,138.836
Baoding,LFE,2030,135.995,134.777,137.214
Baoding,PD,2023,78.642,77.381,79.903
Baoding,PD,2024,78.014,76.753,79.275
Baoding,PD,2025,77.492,76.231,78.754
Baoding,PD,2026,77.386,76.125,78.647
Baoding,PD,2027,78.223,76.962,79.484
Baoding,PD,2028,76.278,75.017,77.54
Baoding,PD,2029,76.131,74.87,77.393
Baoding,PD,2030,75.719,74.458,76.98
Baoding,PIV,2023,190.179,187.725,192.634
Baoding,PIV,2024,191.141,188.686,193.595
Baoding,PIV,2025,194.026,191.571,196.48
Baoding,PIV,2026,192.927,190.472,195.381
Baoding,PIV,2027,195.441,192.987,197.895
Baoding,PIV,2028,196.576,194.122,199.03
Baoding,PIV,2029,199.212,196.757,201.666
Baoding,PIV,2030,197.204,194.75,199.658
Baoding,PRA,2023,112.821,111.425,114.218
Baoding,PRA,2024,113.007,111.611,114.404
Baoding,PRA,2025,114.234,112.837,115.63
Baoding,PRA,2026,115.892,114.496,117.289
Baoding,PRA,2027,117.324,115.927,118.72
Baoding,PRA,2028,117.602,116.205,118.998
Baoding,PRA,2029,121.17,119.774,122.567
Baoding,PRA,2030,119.565,118.168,120.961
Baoding,Phys,2023,165.006,163.302,166.71
Baoding,Phys,2024,164.44,162.736,166.144
Baoding,Phys,2025,164.136,162.431,165.84
Baoding,Phys,2026,165.186,163.482,166.89
Baoding,Phys,2027,167.489,165.785,169.193
Baoding,Phys,2028,166.304,164.6,168.008
Baoding,Phys,2029,166.886,165.182,168.591
Baoding,Phys,2030,167.593,165.889,169.297
Baoding,SIV,2023,119.051,118.07,120.032
Baoding,SIV,2024,121.319,120.338,122.3
Baoding,SIV,2025,122.34,121.359,123.321
Baoding,SIV,2026,123.543,122.562,124.524
Baoding,SIV,2027,125.264,124.283,126.245
Baoding,SIV,2028,125.748,124.766,126.729
Baoding,SIV,2029,127.281,126.299,128.262
Baoding,SIV,2030,128.908,127.927,129.889
Baoding,TIV,2023,165.312,164.577,166.046
Baoding,TIV,2024,166.408,165.673,167.142
Baoding,TIV,2025,167.684,166.949,168.418
Baoding,TIV,2026,168.099,167.365,168.833
Baoding,TIV,2027,169.818,169.084,170.553
Baoding,TIV,2028,169.708,168.974,170.443
Baoding,TIV,2029,171.453,170.718,172.187
Baoding,TIV,2030,172.37,171.636,173.105
Baoding,Teach,2023,179.386,177.622,181.15
Baoding,Teach,2024,180.614,178.85,182.378
Baoding,Teach,2025,180.665,178.901,182.429
Baoding,Teach,2026,181.682,179.918,183.446
Baoding,Teach,2027,184.427,182.663,186.191
Baoding,Teach,2028,185.552,183.787,187.316
Baoding,Teach,2029,187.155,185.391,188.919
Baoding,Teach,2030,188.142,186.377,189.906
Baoding,UR,2023,135.551,133.667,137.435
Baoding,UR,2024,137.834,135.949,139.718
Baoding,UR,2025,138.269,136.385,140.153
Baoding,UR,2026,140.871,138.987,142.755
Baoding,UR,2027,142.674,140.789,144.558
Baoding,UR,2028,143.226,141.342,145.11
Baoding,UR,2029,146.45,144.565,148.334
Baoding,UR,2030,147.565,145.681,149.449
Baoding,URate,2023,73.265,71.475,75.056
Baoding,URate,2024,73.829,72.038,75.62
Baoding,URate,2025,75.254,73.463,77.044
Baoding,URate,2026,73.808,72.018,75.599
Baoding,URate,2027,76.998,75.207,78.788
Baoding,URate,2028,77.923,76.133,79.714
Baoding,URate,2029,78.066,76.276,79.857
Baoding,URate,2030,78.751,76.96,80.542
Zhangjiakou,AW,2023,145.281,143.945,146.617
Zhangjiakou,AW,2024,143.601,142.265,144.937
Zhangjiakou,AW,2025,142.15,140.814,143.486
Zhangjiakou,AW,2026,142.5,141.164,143.836
Zhangjiakou,AW,2027,142.363,141.027,143.698
Zhangjiakou,AW,2028,140.854,139.518,142.189
Zhangjiakou,AW,2029,139.306,137.97,140.642
Zhangjiakou,AW,2030,137.856,136.521,139.192
Zhangjiakou,Beds,2023,165.725,164.953,166.496
Zhangjiakou,Beds,2024,165.365,164.593,166.136
Zhangjiakou,Beds,2025,164.71,163.939,165.482
Zhangjiakou,Beds,2026,164.624,163.852,165.395
Zhangjiakou,Beds,2027,163.545,162.774,164.316
Zhangjiakou,Beds,2028,163.51,162.738,164.281
Zhangjiakou,Beds,2029,162.825,162.053,163.596
Zhangjiakou,Beds,2030,162.341,161.57,163.113
Zhangjiakou,Bus,2023,73.873,71.719,76.027
Zhangjiakou,Bus,2024,76.843,74.689,78.997
Zhangjiakou,Bus,2025,75.315,73.161,77.469
Zhangjiakou,Bus,2026,77.179,75.026,79.333
Zhangjiakou,Bus,2027,77.33,75.176,79.483
Zhangjiakou,Bus,2028,80.512,78.358,82.666
Zhangjiakou,Bus,2029,83.109,80.955,85.263
Zhangjiakou,Bus,2030,83.489,81.335,85.642
Zhangjiakou,DEU,2023,109.967,108.421,111.513
Zhangjiakou,DEU,2024,110.097,108.551,111.643
Zhangjiakou,DEU,2025,108.125,106.579,109.671
Zhangjiakou,DEU,2026,108.069,106.523,109.615
Zhangjiakou,DEU,2027,107.589,106.043,109.135
Zhangjiakou,DEU,2028,105.395,103.849,106.941
Zhangjiakou,DEU,2029,103.714,102.168,105.26
Zhangjiakou,DEU,2030,102.91,101.364,104.456
Zhangjiakou,DWU,2023,76.856,74.637,79.075
Zhangjiakou,DWU,2024,78.207,75.988,80.426
Zhangjiakou,DWU,2025,79.339,77.12,81.558
Zhangjiakou,DWU,2026,75.434,73.215,77.653
Zhangjiakou,DWU,2027,75.351,73.132,77.57
Zhangjiakou,DWU,2028,71.702,69.483,73.921
Zhangjiakou,DWU,2029,72.94,70.721,75.159
Zhangjiakou,DWU,2030,71.958,69.739,74.177
Zhangjiakou,ERV,2023,94.536,93.727,95.345
Zhangjiakou,ERV,2024,94.212,93.403,95.021
Zhangjiakou,ERV,2025,94.267,93.458,95.076
Zhangjiakou,ERV,2026,93.528,92.719,94.337
Zhangjiakou,ERV,2027,94.344,93.535,95.153
Zhangjiakou,ERV,2028,92.731,91.922,93.539
Zhangjiakou,ERV,2029,93.437,92.628,94.246
Zhangjiakou,ERV,2030,93.127,92.318,93.936
Zhangjiakou,ESV,2023,143.043,142.09,143.997
Zhangjiakou,ESV,2024,140.553,139.599,141.506
Zhangjiakou,ESV,2025,140.293,139.34,141.246
Zhangjiakou,ESV,2026,139.673,138.719,140.626
Zhangjiakou,ESV,2027,138.594,137.641,139.547
Zhangjiakou,ESV,2028,137.813,136.859,138.766
Zhangjiakou,ESV,2029,136.846,135.893,137.799
Zhangjiakou,ESV,2030,135.216,134.263,136.169
Zhangjiakou,GCBA,2023,185.119,183.855,186.383
Zhangjiakou,GCBA,2024,184.901,183.637,186.165
Zhangjiakou,GCBA,2025,184.286,183.022,185.55
Zhangjiakou,GCBA,2026,182.234,180.97,183.498
Zhangjiakou,GCBA,2027,183.738,182.474,185.002
Zhangjiakou,GCBA,2028,182.03,180.766,183.294
Zhangjiakou,GCBA,2029,180.8,179.536,182.064
Zhangjiakou,GCBA,2030,179.612,178.348,180.876
Zhangjiakou,GDP,2023,149.021,147.965,150.076
Zhangjiakou,GDP,2024,149.395,148.339,150.451
Zhangjiakou,GDP,2025,149.919,148.863,150.975
Zhangjiakou,GDP,2026,148.29,147.235,149.346
Zhangjiakou,GDP,2027,149.199,148.143,150.254
Zhangjiakou,GDP,2028,148.985,147.929,150.04
Zhangjiakou,GDP,2029,147.753,146.697,148.809
Zhangjiakou,GDP,2030,147.93,146.874,148.986
Zhangjiakou,GSA,2023,179.063,176.992,181.134
Zhangjiakou,GSA,2024,183.353,181.282,185.424
Zhangjiakou,GSA,2025,184.578,182.507,186.649
Zhangjiakou,GSA,2026,185.491,183.42,187.562
Zhangjiakou,GSA,2027,185.865,183.794,187.936
Zhangjiakou,GSA,2028,188.019,185.948,190.09
Zhangjiakou,GSA,2029,188.56,186.489,190.631
Zhangjiakou,GSA,2030,190.629,188.558,192.7
Zhangjiakou,HETeach,2023,194.7,193.906,195.495
Zhangjiakou,HETeach,2024,194.136,193.342,194.93
Zhangjiakou,HETeach,2025,192.843,192.049,193.638
Zhangjiakou,HETeach,2026,192.968,192.173,193.762
Zhangjiakou,HETeach,2027,190.462,189.668,191.256
Zhangjiakou,HETeach,2028,190.368,189.573,191.162
Zhangjiakou,HETeach,2029,189.081,188.286,189.875
Zhangjiakou,HETeach,2030,188.198,187.403,188.992
Zhangjiakou,LFE,2023,190.639,188.693,192.585
Zhangjiakou,LFE,2024,189.832,187.886,191.778
Zhangjiakou,LFE,2025,191.511,189.565,193.457
Zhangjiakou,LFE,2026,193.447,191.501,195.393
Zhangjiakou,LFE,2027,191.758,189.812,193.704
Zhangjiakou,LFE,2028,193.675,191.729,195.621
Zhangjiakou,LFE,2029,192.546,190.6,194.492
Zhangjiakou,LFE,2030,193.241,191.295,195.187
Zhangjiakou,PD,2023,139.382,138.47,140.294
Zhangjiakou,PD,2024,138.978,138.066,139.89
Zhangjiakou,PD,2025,137.013,136.1,137.925
Zhangjiakou,PD,2026,136.664,135.752,137.577
Zhangjiakou,PD,2027,135.436,134.523,136.348
Zhangjiakou,PD,2028,134.531,133.619,135.443
Zhangjiakou,PD,2029,133.798,132.886,134.711
Zhangjiakou,PD,2030,132.148,131.236,133.061
Zhangjiakou,PIV,2023,67.114,65.965,68.263
Zhangjiakou,PIV,2024,67.49,66.341,68.639
Zhangjiakou,PIV,2025,67.763,66.615,68.912
Zhangjiakou,PIV,2026,67.056,65.907,68.204
Zhangjiakou,PIV,2027,66.135,64.986,67.284
Zhangjiakou,PIV,2028,66.77,65.621,67.918
Zhangjiakou,PIV,2029,66.027,64.879,67.176
Zhangjiakou,PIV,2030,66.109,64.96,67.258
Zhangjiakou,PRA,2023,130.449,128.523,132.374
Zhangjiakou,PRA,2024,129.994,128.068,131.92
Zhangjiakou,PRA,2025,134.25,132.324,136.176
Zhangjiakou,PRA,2026,131.116,129.19,133.042
Zhangjiakou,PRA,2027,131.923,129.998,133.849
Zhangjiakou,PRA,2028,132.092,130.166,134.018
Zhangjiakou,PRA,2029,133.101,131.176,135.027
Zhangjiakou,PRA,2030,134.146,132.22,136.072
Zhangjiakou,Phys,2023,80.263,78.984,81.542
Zhangjiakou,Phys,2024,79.312,78.033,80.59
Zhangjiakou,Phys,2025,77.713,76.435,78.992
Zhangjiakou,Phys,2026,78.126,76.847,79.405
Zhangjiakou,Phys,2027,76.619,75.341,77.898
Zhangjiakou,Phys,2028,75.08,73.802,76.359
Zhangjiakou,Phys,2029,74.484,73.205,75.762
Zhangjiakou,Phys,2030,73.519,72.24,74.797
Zhangjiakou,SIV,2023,171.923,170.174,173.672
Zhangjiakou,SIV,2024,172.021,170.272,173.77
Zhangjiakou,SIV,2025,170.737,168.988,172.486
Zhangjiakou,SIV,2026,172.221,170.472,173.97
Zhangjiakou,SIV,2027,172.091,170.342,173.84
Zhangjiakou,SIV,2028,172.545,170.796,174.294
Zhangjiakou,SIV,2029,173.002,171.253,174.751
Zhangjiakou,SIV,2030,174.255,172.506,176.004
Zhangjiakou,TIV,2023,157.69,157.224,158.156
Zhangjiakou,TIV,2024,157.401,156.935,157.868
Zhangjiakou,TIV,2025,157.398,156.931,157.864
Zhangjiakou,TIV,2026,157.848,157.381,158.314
Zhangjiakou,TIV,2027,157.851,157.385,158.317
Zhangjiakou,TIV,2028,157.575,157.108,158.041
Zhangjiakou,TIV,2029,157.739,157.272,158.205
Zhangjiakou,TIV,2030,158.263,157.797,158.729
Zhangjiakou,Teach,2023,154.111,153.172,155.051
Zhangjiakou,Teach,2024,154.084,153.144,155.023
Zhangjiakou,Teach,2025,153.687,152.747,154.626
Zhangjiakou,Teach,2026,154.201,153.261,155.14
Zhangjiakou,Teach,2027,154.012,153.073,154.952
Zhangjiakou,Teach,2028,153.447,152.507,154.386
Zhangjiakou,Teach,2029,153.761,152.822,154.701
Zhangjiakou,Teach,2030,153.206,152.267,154.146
Zhangjiakou,UR,2023,140.499,139.651,141.347
Zhangjiakou,UR,2024,142.568,141.719,143.416
Zhangjiakou,UR,2025,143.008,142.159,143.856
Zhangjiakou,UR,2026,144.241,143.393,145.089
Zhangjiakou,UR,2027,144.653,143.805,145.501
Zhangjiakou,UR,2028,145.989,145.141,146.837
Zhangjiakou,UR,2029,146.356,145.508,147.205
Zhangjiakou,UR,2030,147.17,146.322,148.018
Zhangjiakou,URate,2023,125.406,124.397,126.414
Zhangjiakou,URate,2024,126.118,125.11,127.127
Zhangjiakou,URate,2025,125.297,124.288,126.306
Zhangjiakou,URate,2026,125.983,124.974,126.991
Zhangjiakou,URate,2027,126.77,125.762,127.779
Zhangjiakou,URate,2028,126.865,125.856,127.874
Zhangjiakou,URate,2029,126.964,125.955,127.973
Zhangjiakou,URate,2030,127.055,126.046,128.063
Chengde,AW,2023,78.903,77.664,80.141
Chengde,AW,2024,79.301,78.062,80.54
Chengde,AW,2025,77.584,76.345,78.823
Chengde,AW,2026,79.014,77.775,80.252
Chengde,AW,2027,78.955,77.716,80.194
Chengde,AW,2028,77.996,76.757,79.235
Chengde,AW,2029,78.768,77.529,80.006
Chengde,AW,2030,78.8,77.561,80.038
Chengde,Beds,2023,83.62,82.475,84.765
Chengde,Beds,2024,85.293,84.148,86.438
Chengde,Beds,2025,83.712,82.567,84.857
Chengde,Beds,2026,87.358,86.213,88.503
Chengde,Beds,2027,87.633,86.487,88.778
Chengde,Beds,2028,89.581,88.436,90.726
Chengde,Beds,2029,91.381,90.236,92.526
Chengde,Beds,2030,91.788,90.643,92.933
Chengde,Bus,2023,168.12,166.997,169.244
Chengde,Bus,2024,168.09,166.966,169.214
Chengde,Bus,2025,167.87,166.746,168.994
Chengde,Bus,2026,168.326,167.202,169.45
Chengde,Bus,2027,166.744,165.62,167.868
Chengde,Bus,2028,167.065,165.941,168.189
Chengde,Bus,2029,167.499,166.375,168.623
Chengde,Bus,2030,167.768,166.644,168.892
Chengde,DEU,2023,114.937,113.795,116.079
Chengde,DEU,2024,115.062,113.92,116.204
Chengde,DEU,2025,117.799,116.657,118.942
Chengde,DEU,2026,119.201,118.058,120.343
Chengde,DEU,2027,121.123,119.981,122.266
Chengde,DEU,2028,122.035,120.893,123.178
Chengde,DEU,2029,124.82,123.678,125.963
Chengde,DEU,2030,125.423,124.28,126.565
Chengde,DWU,2023,169.869,169.002,170.735
Chengde,DWU,2024,168.58,167.714,169.447
Chengde,DWU,2025,167.748,166.881,168.614
Chengde,DWU,2026,166.749,165.882,167.615
Chengde,DWU,2027,165.533,164.666,166.399
Chengde,DWU,2028,163.679,162.812,164.546
Chengde,DWU,2029,163.095,162.228,163.962
Chengde,DWU,2030,162.612,161.745,163.478
Chengde,ERV,2023,176.199,175.878,176.521
Chengde,ERV,2024,175.965,175.643,176.286
Chengde,ERV,2025,176.072,175.75,176.393
Chengde,ERV,2026,175.565,175.244,175.886
Chengde,ERV,2027,175.042,174.721,175.364
Chengde,ERV,2028,175.459,175.137,175.78
Chengde,ERV,2029,175.283,174.961,175.604
Chengde,ERV,2030,174.568,174.246,174.889
Chengde,ESV,2023,187.19,186.052,188.329
Chengde,ESV,2024,188.454,187.315,189.592
Chengde,ESV,2025,188.776,187.637,189.914
Chengde,ESV,2026,188.719,187.58,189.857
Chengde,ESV,2027,189.804,188.665,190.942
Chengde,ESV,2028,191.085,189.946,192.223
Chengde,ESV,2029,190.491,189.353,191.629
Chengde,ESV,2030,191.679,190.541,192.817
Chengde,GCBA,2023,101.22,98.917,103.524
Chengde,GCBA,2024,100.593,98.29,102.897
Chengde,GCBA,2025,100.904,98.601,103.207
Chengde,GCBA,2026,102.355,100.052,104.658
Chengde,GCBA,2027,101.803,99.499,104.106
Chengde,GCBA,2028,103.789,101.486,106.092
Chengde,GCBA,2029,104.766,102.463,107.07
Chengde,GCBA,2030,104.262,101.959,106.565
Chengde,GDP,2023,174.669,173.736,175.603
Chengde,GDP,2024,174.267,173.333,175.2
Chengde,GDP,2025,174.876,173.942,175.809
Chengde,GDP,2026,175.712,174.779,176.646
Chengde,GDP,2027,174.805,173.871,175.738
Chengde,GDP,2028,174.453,173.519,175.386
Chengde,GDP,2029,174.135,173.202,175.069
Chengde,GDP,2030,174.69,173.757,175.624
Chengde,GSA,2023,108.878,106.696,111.059
Chengde,GSA,2024,108.27,106.089,110.452
Chengde,GSA,2025,111.47,109.289,113.652
Chengde,GSA,2026,109.538,107.356,111.719
Chengde,GSA,2027,110.07,107.888,112.252
Chengde,GSA,2028,111.227,109.046,113.409
Chengde,GSA,2029,110.361,108.179,112.542
Chengde,GSA,2030,109.772,107.59,111.953
Chengde,HETeach,2023,113.537,112.764,114.31
Chengde,HETeach,2024,113.725,112.952,114.498
Chengde,HETeach,2025,114.704,113.931,115.477
Chengde,HETeach,2026,114.585,113.812,115.358
Chengde,HETeach,2027,115.775,115.002,116.548
Chengde,HETeach,2028,116.118,115.345,116.891
Chengde,HETeach,2029,115.588,114.815,116.361
Chengde,HETeach,2030,116.699,115.926,117.472
Chengde,LFE,2023,99.528,97.935,101.12
Chengde,LFE,2024,99.591,97.999,101.184
Chengde,LFE,2025,98.872,97.279,100.464
Chengde,LFE,2026,99.465,97.873,101.058
Chengde,LFE,2027,99.231,97.639,100.824
Chengde,LFE,2028,100.178,98.585,101.77
Chengde,LFE,2029,99.448,97.856,101.041
Chengde,LFE,2030,98.375,96.782,99.967
Chengde,PD,2023,176.06,174.901,177.218
Chengde,PD,2024,176.653,175.495,177.812
Chengde,PD,2025,177.53,176.371,178.688
Chengde,PD,2026,178.712,177.554,179.871
Chengde,PD,2027,179.003,177.845,180.162
Chengde,PD,2028,180.717,179.558,181.875
Chengde,PD,2029,180.676,179.517,181.834
Chengde,PD,2030,182.264,181.106,183.423
Chengde,PIV,2023,105.698,104.332,107.065
Chengde,PIV,2024,106.009,104.642,107.375
Chengde,PIV,2025,107.963,106.597,109.33
Chengde,PIV,2026,109.524,108.158,110.891
Chengde,PIV,2027,111.111,109.745,112.478
Chengde,PIV,2028,112.078,110.712,113.445
Chengde,PIV,2029,113.941,112.574,115.307
Chengde,PIV,2030,114.537,113.17,115.903
Chengde,PRA,2023,95.373,94.045,96.7
Chengde,PRA,2024,95.454,94.126,96.782
Chengde,PRA,2025,95.561,94.234,96.889
Chengde,PRA,2026,93.929,92.602,95.257
Chengde,PRA,2027,93.795,92.467,95.123
Chengde,PRA,2028,93.876,92.548,95.203
Chengde,PRA,2029,91.865,90.537,93.193
Chengde,PRA,2030,93.114,91.786,94.442
Chengde,Phys,2023,146.71,144.933,148.486
Chengde,Phys,2024,147.536,145.759,149.312
Chengde,Phys,2025,145.988,144.212,147.765
Chengde,Phys,2026,147.316,145.54,149.093
Chengde,Phys,2027,145.603,143.826,147.379
Chengde,Phys,2028,146.998,145.221,148.774
Chengde,Phys,2029,145.347,143.57,147.123
Chengde,Phys,2030,144.265,142.489,146.042
Chengde,SIV,2023,55.233,54.046,56.421
Chengde,SIV,2024,56.955,55.768,58.142
Chengde,SIV,2025,57.364,56.177,58.551
Chengde,SIV,2026,59.065,57.878,60.252
Chengde,SIV,2027,60.822,59.635,62.009
Chengde,SIV,2028,61.397,60.21,62.585
Chengde,SIV,2029,63.819,62.631,65.006
Chengde,SIV,2030,63.901,62.714,65.088
Chengde,TIV,2023,65.897,65.353,66.442
Chengde,TIV,2024,67.518,66.974,68.063
Chengde,TIV,2025,68.656,68.112,69.201
Chengde,TIV,2026,70.436,69.892,70.981
Chengde,TIV,2027,72.111,71.567,72.656
Chengde,TIV,2028,73.764,73.22,74.309
Chengde,TIV,2029,74.892,74.347,75.436
Chengde,TIV,2030,76.658,76.113,77.202
Chengde,Teach,2023,156.934,156.151,157.717
Chengde,Teach,2024,158.797,158.014,159.58
Chengde,Teach,2025,160.581,159.798,161.364
Chengde,Teach,2026,162.662,161.879,163.445
Chengde,Teach,2027,164.003,163.22,164.786
Chengde,Teach,2028,164.771,163.988,165.554
Chengde,Teach,2029,166.452,165.669,167.235
Chengde,Teach,2030,168.992,168.209,169.775
Chengde,UR,2023,148.764,147.855,149.673
Chengde,UR,2024,148.468,147.56,149.377
Chengde,UR,2025,147.453,146.544,148.362
Chengde,UR,2026,147.483,146.574,148.391
Chengde,UR,2027,146.418,145.509,147.327
Chengde,UR,2028,146.017,145.108,146.926
Chengde,UR,2029,145.483,144.574,146.392
Chengde,UR,2030,144.669,143.76,145.578
Chengde,URate,2023,132.531,130.807,134.255
Chengde,URate,2024,131.868,130.144,133.593
Chengde,URate,2025,133.753,132.029,135.477
Chengde,URate,2026,134.534,132.81,136.259
Chengde,URate,2027,135.513,133.789,137.237
Chengde,URate,2028,135.202,133.477,136.926
Chengde,URate,2029,136.727,135.003,138.451
Chengde,URate,2030,137.599,135.875,139.323
Cangzhou,AW,2023,199.124,197.079,201.169
Cangzhou,AW,2024,197.718,195.673,199.763
Cangzhou,AW,2025,197.27,195.225,199.315
Cangzhou,AW,2026,198.225,196.18,200.27
Cangzhou,AW,2027,199.63,197.585,201.675
Cangzhou,AW,2028,198.978,196.933,201.023
Cangzhou,AW,2029,198.529,196.484,200.574
Cangzhou,AW,2030,199.48,197.435,201.525
Cangzhou,Beds,2023,116.143,115.266,117.021
Cangzhou,Beds,2024,116.595,115.717,117.473
Cangzhou,Beds,2025,117.168,116.29,118.046
Cangzhou,Beds,2026,117.714,116.836,118.591
Cangzhou,Beds,2027,118.441,117.563,119.319
Cangzhou,Beds,2028,117.926,117.049,118.804
Cangzhou,Beds,2029,117.333,116.456,118.211
Cangzhou,Beds,2030,117.692,116.814,118.57
Cangzhou,Bus,2023,87.139,85.818,88.46
Cangzhou,Bus,2024,89.822,88.501,91.143
Cangzhou,Bus,2025,90.594,89.273,91.915
Cangzhou,Bus,2026,90.43,89.109,91.75
Cangzhou,Bus,2027,93.905,92.584,95.226
Cangzhou,Bus,2028,96.712,95.391,98.032
Cangzhou,Bus,2029,99.015,97.694,100.336
Cangzhou,Bus,2030,99.535,98.215,100.856
Cangzhou,DEU,2023,83.086,80.587,85.585
Cangzhou,DEU,2024,81.07,78.571,83.57
Cangzhou,DEU,2025,80.412,77.913,82.911
Cangzhou,DEU,2026,79.423,76.924,81.922
Cangzhou,DEU,2027,76.887,74.388,79.386
Cangzhou,DEU,2028,79.227,76.728,81.726
Cangzhou,DEU,2029,75.891,73.392,78.39
Cangzhou,DEU,2030,73.433,70.934,75.932
Cangzhou,DWU,2023,167.824,164.774,170.875
Cangzhou,DWU,2024,169.269,166.219,172.32
Cangzhou,DWU,2025,168.792,165.741,171.843
Cangzhou,DWU,2026,170.037,166.986,173.088
Cangzhou,DWU,2027,173.669,170.619,176.72
Cangzhou,DWU,2028,174.073,171.022,177.123
Cangzhou,DWU,2029,175.779,172.728,178.829
Cangzhou,DWU,2030,174.288,171.237,177.338
Cangzhou,ERV,2023,189.073,188.143,190.003
Cangzhou,ERV,2024,189.892,188.962,190.822
Cangzhou,ERV,2025,192.41,191.48,193.34
Cangzhou,ERV,2026,193.077,192.147,194.007
Cangzhou,ERV,2027,195.373,194.443,196.303
Cangzhou,ERV,2028,196.518,195.588,197.448
Cangzhou,ERV,2029,197.398,196.468,198.328
Cangzhou,ERV,2030,199.408,198.478,200.338
Cangzhou,ESV,2023,166.849,165.613,168.085
Cangzhou,ESV,2024,166.9,165.664,168.136
Cangzhou,ESV,2025,166.719,165.483,167.955
Cangzhou,ESV,2026,164.792,163.556,166.028
Cangzhou,ESV,2027,166.133,164.897,167.369
Cangzhou,ESV,2028,165.084,163.848,166.32
Cangzhou,ESV,2029,165.471,164.235,166.707
Cangzhou,ESV,2030,165.336,164.1,166.572
Cangzhou,GCBA,2023,175.821,172.842,178.799
Cangzhou,GCBA,2024,174.133,171.154,177.111
Cangzhou,GCBA,2025,176.833,173.854,179.812
Cangzhou,GCBA,2026,173.794,170.815,176.772
Cangzhou,GCBA,2027,175.733,172.755,178.712
Cangzhou,GCBA,2028,175.82,172.842,178.799
Cangzhou,GCBA,2029,176.434,173.455,179.413
Cangzhou,GCBA,2030,175.46,172.482,178.439
Cangzhou,GDP,2023,94.816,92.759,96.873
Cangzhou,GDP,2024,96.179,94.123,98.236
Cangzhou,GDP,2025,95.463,93.407,97.52
Cangzhou,GDP,2026,94.933,92.877,96.99
Cangzhou,GDP,2027,95.509,93.452,97.565
Cangzhou,GDP,2028,97.829,95.773,99.886
Cangzhou,GDP,2029,98.938,96.882,100.995
Cangzhou,GDP,2030,97.627,95.571,99.684
Cangzhou,GSA,2023,104.104,102.136,106.073
Cangzhou,GSA,2024,107.345,105.377,109.314
Cangzhou,GSA,2025,107.423,105.455,109.391
Cangzhou,GSA,2026,109.422,107.454,111.391
Cangzhou,GSA,2027,111.233,109.265,113.201
Cangzhou,GSA,2028,111.105,109.136,113.073
Cangzhou,GSA,2029,114.661,112.693,116.629
Cangzhou,GSA,2030,116.137,114.168,118.105
Cangzhou,HETeach,2023,127.704,126.212,129.195
Cangzhou,HETeach,2024,130.517,129.026,132.009
Cangzhou,HETeach,2025,132.763,131.271,134.254
Cangzhou,HETeach,2026,133.956,132.465,135.448
Cangzhou,HETeach,2027,135.247,133.756,136.739
Cangzhou,HETeach,2028,136.373,134.881,137.864
Cangzhou,HETeach,2029,139.656,138.165,141.148
Cangzhou,HETeach,2030,140.488,138.996,141.979
Cangzhou,LFE,2023,175.295,173.253,177.337
Cangzhou,LFE,2024,175.698,173.657,177.74
Cangzhou,LFE,2025,177.757,175.715,179.798
Cangzhou,LFE,2026,177.991,175.949,180.033
Cangzhou,LFE,2027,180.51,178.468,182.552
Cangzhou,LFE,2028,179.417,177.375,181.459
Cangzhou,LFE,2029,182.119,180.077,184.161
Cangzhou,LFE,2030,184.301,182.259,186.342
Cangzhou,PD,2023,171.166,168.84,173.493
Cangzhou,PD,2024,168.031,165.704,170.357
Cangzhou,PD,2025,169.259,166.932,171.585
Cangzhou,PD,2026,173.59,171.263,175.916
Cangzhou,PD,2027,170.87,168.543,173.196
Cangzhou,PD,2028,170.255,167.929,172.582
Cangzhou,PD,2029,170.854,168.528,173.181
Cangzhou,PD,2030,170.342,168.016,172.669
Cangzhou,PIV,2023,49.795,48.856,50.734
Cangzhou,PIV,2024,47.176,46.237,48.115
Cangzhou,PIV,2025,48.479,47.54,49.418
Cangzhou,PIV,2026,47.004,46.065,47.943
Cangzhou,PIV,2027,46.203,45.264,47.142
Cangzhou,PIV,2028,45.429,44.49,46.368
Cangzhou,PIV,2029,44.685,43.746,45.624
Cangzhou,PIV,2030,44.056,43.117,44.995
Cangzhou,PRA,2023,53.869,51.168,56.571
Cangzhou,PRA,2024,50.714,48.012,53.415
Cangzhou,PRA,2025,50.475,47.774,53.176
Cangzhou,PRA,2026,50.602,47.901,53.303
Cangzhou,PRA,2027,51.35,48.649,54.051
Cangzhou,PRA,2028,51.032,48.331,53.733
Cangzhou,PRA,2029,51.724,49.023,54.426
Cangzhou,PRA,2030,46.418,43.717,49.12
Cangzhou,Phys,2023,193.737,192.297,195.178
Cangzhou,Phys,2024,196.162,194.721,197.602
Cangzhou,Phys,2025,198.313,196.873,199.754
Cangzhou,Phys,2026,200.084,198.644,201.525
Cangzhou,Phys,2027,200.786,199.345,202.226
Cangzhou,Phys,2028,200.729,199.288,202.169
Cangzhou,Phys,2029,201.681,200.241,203.122
Cangzhou,Phys,2030,203.996,202.556,205.437
Cangzhou,SIV,2023,115.277,113.065,117.488
Cangzhou,SIV,2024,115.543,113.331,117.754
Cangzhou,SIV,2025,117.193,114.982,119.405
Cangzhou,SIV,2026,119.421,117.209,121.632
Cangzhou,SIV,2027,121.272,119.061,123.483
Cangzhou,SIV,2028,120.994,118.782,123.205
Cangzhou,SIV,2029,122.809,120.598,125.021
Cangzhou,SIV,2030,123.703,121.491,125.914
Cangzhou,TIV,2023,160.681,160.164,161.197
Cangzhou,TIV,2024,162.002,161.485,162.518
Cangzhou,TIV,2025,163.366,162.85,163.883
Cangzhou,TIV,2026,164.709,164.192,165.226
Cangzhou,TIV,2027,165.559,165.043,166.076
Cangzhou,TIV,2028,166.99,166.473,167.506
Cangzhou,TIV,2029,167.215,166.699,167.732
Cangzhou,TIV,2030,168.963,168.447,169.48
Cangzhou,Teach,2023,64.898,63.272,66.523
Cangzhou,Teach,2024,64.341,62.715,65.967
Cangzhou,Teach,2025,65.754,64.128,67.38
Cangzhou,Teach,2026,67.033,65.408,68.659
Cangzhou,Teach,2027,67.241,65.616,68.867
Cangzhou,Teach,2028,67.437,65.812,69.063
Cangzhou,Teach,2029,68.77,67.144,70.395
Cangzhou,Teach,2030,68.728,67.102,70.354
Cangzhou,UR,2023,152.353,151.383,153.323
Cangzhou,UR,2024,151.875,150.905,152.844
Cangzhou,UR,2025,152.42,151.45,153.389
Cangzhou,UR,2026,151.776,150.806,152.745
Cangzhou,UR,2027,152.257,151.287,153.226
Cangzhou,UR,2028,152.155,151.185,153.124
Cangzhou,UR,2029,153.547,152.578,154.517
Cangzhou,UR,2030,152.846,151.876,153.816
Cangzhou,URate,2023,102.377,101.17,103.585
Cangzhou,URate,2024,103.425,102.217,104.633
Cangzhou,URate,2025,101.929,100.721,103.136
Cangzhou,URate,2026,102.385,101.177,103.592
Cangzhou,URate,2027,103.23,102.022,104.437
Cangzhou,URate,2028,103.509,102.302,104.717
Cangzhou,URate,2029,101.965,100.758,103.173
Cangzhou,URate,2030,102.301,101.093,103.509
Langfang,AW,2023,171.234,170.221,172.248
Langfang,AW,2024,169.527,168.514,170.54
Langfang,AW,2025,169.368,168.355,170.382
Langfang,AW,2026,169.677,168.664,170.69
Langfang,AW,2027,169.218,168.205,170.231
Langfang,AW,2028,168.531,167.518,169.545
Langfang,AW,2029,168.587,167.574,169.6
Langfang,AW,2030,168.041,167.027,169.054
Langfang,Beds,2023,194.007,192.016,195.999
Langfang,Beds,2024,193.144,191.153,195.136
Langfang,Beds,2025,192.732,190.741,194.724
Langfang,Beds,2026,191.178,189.187,193.169
Langfang,Beds,2027,189.797,187.805,191.788
Langfang,Beds,2028,190.219,188.228,192.21
Langfang,Beds,2029,187.858,185.867,189.849
Langfang,Beds,2030,185.515,183.524,187.507
Langfang,Bus,2023,104.359,102.736,105.982
Langfang,Bus,2024,101.935,100.313,103.558
Langfang,Bus,2025,103.582,101.96,105.205
Langfang,Bus,2026,102.279,100.656,103.902
Langfang,Bus,2027,103.245,101.623,104.868
Langfang,Bus,2028,102.899,101.276,104.522
Langfang,Bus,2029,103.815,102.192,105.438
Langfang,Bus,2030,104.309,102.686,105.932
Langfang,DEU,2023,81.149,79.492,82.806
Langfang,DEU,2024,81.383,79.726,83.04
Langfang,DEU,2025,83.683,82.026,85.339
Langfang,DEU,2026,84.51,82.853,86.167
Langfang,DEU,2027,86.374,84.717,88.031
Langfang,DEU,2028,86.831,85.174,88.488
Langfang,DEU,2029,88.027,86.37,89.683
Langfang,DEU,2030,88.292,86.635,89.949
Langfang,DWU,2023,158.636,157.651,159.621
Langfang,DWU,2024,158.446,157.461,159.431
Langfang,DWU,2025,158.503,157.518,159.488
Langfang,DWU,2026,157.965,156.98,158.95
Langfang,DWU,2027,157.435,156.45,158.421
Langfang,DWU,2028,156.294,155.309,157.28
Langfang,DWU,2029,155.38,154.395,156.365
Langfang,DWU,2030,155.754,154.769,156.739
Langfang,ERV,2023,122.953,121.602,124.304
Langfang,ERV,2024,122.079,120.728,123.43
Langfang,ERV,2025,121.342,119.991,122.693
Langfang,ERV,2026,120.097,118.745,121.448
Langfang,ERV,2027,121.049,119.698,122.4
Langfang,ERV,2028,121.428,120.076,122.779
Langfang,ERV,2029,120.139,118.787,121.49
Langfang,ERV,2030,118.87,117.518,120.221
Langfang,ESV,2023,114.287,113.037,115.537
Langfang,ESV,2024,114.723,113.473,115.973
Langfang,ESV,2025,116.052,114.802,117.302
Langfang,ESV,2026,116.959,115.709,118.209
Langfang,ESV,2027,118.888,117.638,120.138
Langfang,ESV,2028,117.578,116.328,118.828
Langfang,ESV,2029,118.542,117.292,119.792
Langfang,ESV,2030,119.145,117.895,120.395
Langfang,GCBA,2023,183.413,180.937,185.889
Langfang,GCBA,2024,183.299,180.823,185.776
Langfang,GCBA,2025,183.44,180.964,185.916
Langfang,GCBA,2026,181.374,178.898,183.85
Langfang,GCBA,2027,181.812,179.336,184.288
Langfang,GCBA,2028,179.515,177.039,181.991
Langfang,GCBA,2029,178.531,176.055,181.008
Langfang,GCBA,2030,180.188,177.712,182.664
Langfang,GDP,2023,135.124,132.907,137.341
Langfang,GDP,2024,133.354,131.137,135.57
Langfang,GDP,2025,133.642,131.425,135.859
Langfang,GDP,2026,132.568,130.351,134.784
Langfang,GDP,2027,132.644,130.427,134.861
Langfang,GDP,2028,133.445,131.228,135.661
Langfang,GDP,2029,132.523,130.307,134.74
Langfang,GDP,2030,134.209,131.992,136.425
Langfang,GSA,2023,73.314,72.186,74.442
Langfang,GSA,2024,74.613,73.486,75.741
Langfang,GSA,2025,75.071,73.944,76.199
Langfang,GSA,2026,77.489,76.361,78.617
Langfang,GSA,2027,78.126,76.998,79.254
Langfang,GSA,2028,78.932,77.805,80.06
Langfang,GSA,2029,79.869,78.741,80.997
Langfang,GSA,2030,80.51,79.382,81.638
Langfang,HETeach,2023,115.066,114.009,116.123
Langfang,HETeach,2024,115.007,113.95,116.064
Langfang,HETeach,2025,115.387,114.33,116.444
Langfang,HETeach,2026,115.456,114.399,116.513
Langfang,HETeach,2027,115.033,113.976,116.09
Langfang,HETeach,2028,115.178,114.121,116.235
Langfang,HETeach,2029,115.934,114.877,116.991
Langfang,HETeach,2030,116.188,115.131,117.245
Langfang,LFE,2023,194.695,192.294,197.096
Langfang,LFE,2024,193.348,190.947,195.749
Langfang,LFE,2025,193.495,191.094,195.897
Langfang,LFE,2026,192.272,189.871,194.674
Langfang,LFE,2027,190.145,187.743,192.546
Langfang,LFE,2028,191.192,188.791,193.593
Langfang,LFE,2029,187.075,184.673,189.476
Langfang,LFE,2030,186.151,183.75,188.553
Langfang,PD,2023,141.554,139.284,143.825
Langfang,PD,2024,144.65,142.379,146.92
Langfang,PD,2025,147.303,145.033,149.574
Langfang,PD,2026,146.727,144.457,148.997
Langfang,PD,2027,150.559,148.289,152.829
Langfang,PD,2028,149.157,146.887,151.428
Langfang,PD,2029,151.625,149.354,153.895
Langfang,PD,2030,152.216,149.945,154.486
Langfang,PIV,2023,147.215,145.793,148.638
Langfang,PIV,2024,146.35,144.928,147.773
Langfang,PIV,2025,145.019,143.597,146.441
Langfang,PIV,2026,144.565,143.143,145.987
Langfang,PIV,2027,142.737,141.315,144.159
Langfang,PIV,2028,141.555,140.132,142.977
Langfang,PIV,2029,139.657,138.234,141.079
Langfang,PIV,2030,139.818,138.395,141.24
Langfang,PRA,2023,56.18,54.819,57.54
Langfang,PRA,2024,58.512,57.151,59.872
Langfang,PRA,2025,59.992,58.631,61.353
Langfang,PRA,2026,61.206,59.846,62.567
Langfang,PRA,2027,64.131,62.77,65.491
Langfang,PRA,2028,64.707,63.346,66.068
Langfang,PRA,2029,66.59,65.229,67.95
Langfang,PRA,2030,68.458,67.097,69.819
Langfang,Phys,2023,189.596,187.504,191.688
Langfang,Phys,2024,192.049,189.957,194.14
Langfang,Phys,2025,190.247,188.156,192.339
Langfang,Phys,2026,189.965,187.874,192.057
Langfang,Phys,2027,190.947,188.855,193.038
Langfang,Phys,2028,187.899,185.807,189.991
Langfang,Phys,2029,189.544,187.453,191.636
Langfang,Phys,2030,187.831,185.739,189.922
Langfang,SIV,2023,94.201,92.751,95.65
Langfang,SIV,2024,95.649,94.199,97.099
Langfang,SIV,2025,97.611,96.161,99.061
Langfang,SIV,2026,98.988,97.538,100.438
Langfang,SIV,2027,100.771,99.322,102.221
Langfang,SIV,2028,103.171,101.721,104.62
Langfang,SIV,2029,102.985,101.535,104.435
Langfang,SIV,2030,105.548,104.098,106.998
Langfang,TIV,2023,151.428,150.756,152.099
Langfang,TIV,2024,151.952,151.281,152.624
Langfang,TIV,2025,153.793,153.121,154.464
Langfang,TIV,2026,154.282,153.611,154.954
Langfang,TIV,2027,156.12,155.449,156.792
Langfang,TIV,2028,157.617,156.945,158.288
Langfang,TIV,2029,158.187,157.515,158.858
Langfang,TIV,2030,159.613,158.941,160.284
Langfang,Teach,2023,152.236,150.448,154.025
Langfang,Teach,2024,151.94,150.151,153.728
Langfang,Teach,2025,150.793,149.004,152.582
Langfang,Teach,2026,150.041,148.253,151.83
Langfang,Teach,2027,148.447,146.658,150.236
Langfang,Teach,2028,147.159,145.37,148.947
Langfang,Teach,2029,146.433,144.644,148.221
Langfang,Teach,2030,145.15,143.361,146.939
Langfang,UR,2023,70.538,69.122,71.954
Langfang,UR,2024,71.463,70.047,72.879
Langfang,UR,2025,68.475,67.059,69.891
Langfang,UR,2026,69.689,68.273,71.105
Langfang,UR,2027,70.508,69.092,71.924
Langfang,UR,2028,70.079,68.663,71.495
Langfang,UR,2029,70.762,69.346,72.178
Langfang,UR,2030,70.827,69.412,72.243
Langfang,URate,2023,140.576,139.177,141.976
Langfang,URate,2024,142.053,140.653,143.452
Langfang,URate,2025,144.649,143.249,146.049
Langfang,URate,2026,146.534,145.135,147.934
Langfang,URate,2027,148.576,147.177,149.976
Langfang,URate,2028,149.42,148.02,150.82
Langfang,URate,2029,151.082,149.682,152.481
Langfang,URate,2030,153.166,151.766,154.566
Hengshui,AW,2023,156.53,155.15,157.91
Hengshui,AW,2024,154.869,153.489,156.249
Hengshui,AW,2025,153.404,152.024,154.784
Hengshui,AW,2026,152.56,151.18,153.94
Hengshui,AW,2027,149.843,148.463,151.223
Hengshui,AW,2028,150.446,149.066,151.826
Hengshui,AW,2029,150.384,149.004,151.764
Hengshui,AW,2030,149.865,148.485,151.245
Hengshui,Beds,2023,107.99,106.406,109.574
Hengshui,Beds,2024,109.352,107.768,110.937
Hengshui,Beds,2025,111.369,109.784,112.953
Hengshui,Beds,2026,113.311,111.727,114.895
Hengshui,Beds,2027,115.077,113.493,116.661
Hengshui,Beds,2028,117.093,115.509,118.677
Hengshui,Beds,2029,117.4,115.815,118.984
Hengshui,Beds,2030,118.818,117.234,120.402
Hengshui,Bus,2023,117.086,116.133,118.039
Hengshui,Bus,2024,118.103,117.15,119.056
Hengshui,Bus,2025,119.991,119.038,120.943
Hengshui,Bus,2026,121.921,120.969,122.874
Hengshui,Bus,2027,121.558,120.605,122.511
Hengshui,Bus,2028,122.526,121.573,123.479
Hengshui,Bus,2029,123.202,122.249,124.155
Hengshui,Bus,2030,123.498,122.545,124.451
Hengshui,DEU,2023,158.45,156.748,160.151
Hengshui,DEU,2024,158.676,156.974,160.378
Hengshui,DEU,2025,159.947,158.245,161.649
Hengshui,DEU,2026,159.239,157.537,160.941
Hengshui,DEU,2027,160.584,158.883,162.286
Hengshui,DEU,2028,159.554,157.852,161.256
Hengshui,DEU,2029,161.46,159.758,163.162
Hengshui,DEU,2030,160.706,159.005,162.408
Hengshui,DWU,2023,59.867,57.719,62.016
Hengshui,DWU,2024,58.336,56.188,60.484
Hengshui,DWU,2025,58.265,56.117,60.414
Hengshui,DWU,2026,57.283,55.135,59.431
Hengshui,DWU,2027,57.326,55.177,59.474
Hengshui,DWU,2028,57.189,55.04,59.337
Hengshui,DWU,2029,58.103,55.955,60.251
Hengshui,DWU,2030,56.288,54.14,58.437
Hengshui,ERV,2023,120.306,119.452,121.16
Hengshui,ERV,2024,123.381,122.527,124.236
Hengshui,ERV,2025,124.539,123.685,125.393
Hengshui,ERV,2026,126.28,125.425,127.134
Hengshui,ERV,2027,127.997,127.143,128.851
Hengshui,ERV,2028,129.217,128.363,130.071
Hengshui,ERV,2029,131.286,130.432,132.14
Hengshui,ERV,2030,133.729,132.875,134.583
Hengshui,ESV,2023,116.648,115.519,117.777
Hengshui,ESV,2024,115.995,114.867,117.124
Hengshui,ESV,2025,115.273,114.144,116.402
Hengshui,ESV,2026,114.479,113.35,115.608
Hengshui,ESV,2027,113.492,112.363,114.621
Hengshui,ESV,2028,113.143,112.014,114.272
Hengshui,ESV,2029,112.578,111.45,113.707
Hengshui,ESV,2030,111.692,110.563,112.82
Hengshui,GCBA,2023,184.806,182.021,187.591
Hengshui,GCBA,2024,184.581,181.796,187.366
Hengshui,GCBA,2025,180.395,177.61,183.18
Hengshui,GCBA,2026,181.208,178.423,183.993
Hengshui,GCBA,2027,181.325,178.54,184.11
Hengshui,GCBA,2028,177.393,174.608,180.178
Hengshui,GCBA,2029,177.193,174.408,179.978
Hengshui,GCBA,2030,175.526,172.741,178.311
Hengshui,GDP,2023,153.296,152.255,154.338
Hengshui,GDP,2024,152.459,151.417,153.501
Hengshui,GDP,2025,152.493,151.451,153.535
Hengshui,GDP,2026,151.685,150.643,152.727
Hengshui,GDP,2027,150.725,149.684,151.767
Hengshui,GDP,2028,150.19,149.149,151.232
Hengshui,GDP,2029,148.632,147.59,149.673
Hengshui,GDP,2030,148.329,147.287,149.371
Hengshui,GSA,2023,59.624,57.633,61.615
Hengshui,GSA,2024,58.709,56.718,60.701
Hengshui,GSA,2025,63.837,61.846,65.829
Hengshui,GSA,2026,64.025,62.034,66.016
Hengshui,GSA,2027,66.07,64.079,68.062
Hengshui,GSA,2028,67.071,65.079,69.062
Hengshui,GSA,2029,67.425,65.434,69.416
Hengshui,GSA,2030,70.827,68.836,72.818
Hengshui,HETeach,2023,100.334,98.287,102.382
Hengshui,HETeach,2024,101.208,99.16,103.256
Hengshui,HETeach,2025,100.243,98.196,102.291
Hengshui,HETeach,2026,101.487,99.439,103.534
Hengshui,HETeach,2027,99.54,97.492,101.587
Hengshui,HETeach,2028,99.806,97.758,101.853
Hengshui,HETeach,2029,98.226,96.179,100.274
Hengshui,HETeach,2030,97.658,95.611,99.706
Hengshui,LFE,2023,96.382,94.803,97.962
Hengshui,LFE,2024,95.856,94.277,97.436
Hengshui,LFE,2025,98.273,96.694,99.853
Hengshui,LFE,2026,99.033,97.454,100.613
Hengshui,LFE,2027,99.046,97.466,100.625
Hengshui,LFE,2028,100.886,99.307,102.466
Hengshui,LFE,2029,101.766,100.187,103.346
Hengshui,LFE,2030,103.34,101.761,104.92
Hengshui,PD,2023,141.922,139.747,144.097
Hengshui,PD,2024,142.18,140.005,144.355
Hengshui,PD,2025,141.106,138.931,143.281
Hengshui,PD,2026,141.217,139.042,143.392
Hengshui,PD,2027,140.108,137.933,142.283
Hengshui,PD,2028,139.364,137.189,141.54
Hengshui,PD,2029,139.982,137.807,142.157
Hengshui,PD,2030,138.553,136.377,140.728
Hengshui,PIV,2023,57.288,55.277,59.3
Hengshui,PIV,2024,58.539,56.527,60.55
Hengshui,PIV,2025,58.156,56.144,60.167
Hengshui,PIV,2026,57.516,55.504,59.527
Hengshui,PIV,2027,53.636,51.624,55.647
Hengshui,PIV,2028,54.471,52.46,56.483
Hengshui,PIV,2029,53.398,51.386,55.409
Hengshui,PIV,2030,52.841,50.83,54.852
Hengshui,PRA,2023,113.245,111.518,114.972
Hengshui,PRA,2024,114.074,112.347,115.802
Hengshui,PRA,2025,114.021,112.294,115.748
Hengshui,PRA,2026,113.645,111.918,115.373
Hengshui,PRA,2027,113.113,111.386,114.841
Hengshui,PRA,2028,113.963,112.235,115.69
Hengshui,PRA,2029,113.409,111.681,115.136
Hengshui,PRA,2030,112.329,110.602,114.056
Hengshui,Phys,2023,140.894,139.116,142.673
Hengshui,Phys,2024,142.568,140.79,144.347
Hengshui,Phys,2025,140.201,138.423,141.98
Hengshui,Phys,2026,139.558,137.78,141.337
Hengshui,Phys,2027,140.372,138.593,142.15
Hengshui,Phys,2028,138.472,136.694,140.251
Hengshui,Phys,2029,139.044,137.265,140.822
Hengshui,Phys,2030,139.613,137.835,141.392
Hengshui,SIV,2023,177.109,175.24,178.978
Hengshui,SIV,2024,177.756,175.886,179.625
Hengshui,SIV,2025,180.474,178.605,182.343
Hengshui,SIV,2026,181.385,179.516,183.254
Hengshui,SIV,2027,183.721,181.852,185.591
Hengshui,SIV,2028,184.699,182.829,186.568
Hengshui,SIV,2029,187.255,185.385,189.124
Hengshui,SIV,2030,188.867,186.998,190.736
Hengshui,TIV,2023,113.833,112.706,114.961
Hengshui,TIV,2024,114.945,113.818,116.073
Hengshui,TIV,2025,116.194,115.067,117.322
Hengshui,TIV,2026,117.53,116.403,118.657
Hengshui,TIV,2027,119.41,118.282,120.537
Hengshui,TIV,2028,120.333,119.205,121.46
Hengshui,TIV,2029,122.587,121.46,123.714
Hengshui,TIV,2030,123.931,122.803,125.058
Hengshui,Teach,2023,153.812,152.431,155.193
Hengshui,Teach,2024,154.65,153.269,156.031
Hengshui,Teach,2025,153.062,151.681,154.443
Hengshui,Teach,2026,153.609,152.229,154.99
Hengshui,Teach,2027,152.582,151.201,153.963
Hengshui,Teach,2028,152.706,151.325,154.087
Hengshui,Teach,2029,152.074,150.693,153.455
Hengshui,Teach,2030,151.312,149.931,152.693
Hengshui,UR,2023,143.841,141.296,146.385
Hengshui,UR,2024,146.153,143.609,148.697
Hengshui,UR,2025,148.735,146.191,151.279
Hengshui,UR,2026,151.027,148.483,153.572
Hengshui,UR,2027,153.082,150.538,155.627
Hengshui,UR,2028,155.39,152.845,157.934
Hengshui,UR,2029,153.436,150.892,155.98
Hengshui,UR,2030,158.804,156.26,161.348
Hengshui,URate,2023,124.695,123.532,125.858
Hengshui,URate,2024,124.435,123.272,125.598
Hengshui,URate,2025,125.663,124.5,126.826
Hengshui,URate,2026,127.107,125.944,128.27
Hengshui,URate,2027,128.497,127.334,129.66
Hengshui,URate,2028,128.858,127.696,130.021
Hengshui,URate,2029,131.056,129.893,132.219
Hengshui,URate,2030,130.613,129.45,131.775
