city,attribute,r2_var,mae_var,rmse_var
Beijing,AW,0.7628095438138434,0.1702,0.2079
Beijing,Beds,0.8397765861545828,0.0949,0.1226
Beijing,Bus,0.7829969620785528,0.12689999999999999,0.1673
Beijing,DEU,0.7959142770170061,0.1249,0.15539999999999998
Beijing,DWU,0.7501621905751925,0.17149999999999999,0.20670000000000002
Beijing,ERV,0.9086492871607262,0.073,0.0955
Beijing,ESV,0.8003480781781886,0.11449999999999999,0.1349
Beijing,GCBA,0.7626685446619149,0.1336,0.1618
Beijing,GDP,0.8378859605454092,0.0895,0.1133
Beijing,GSA,0.7729700461126163,0.135,0.17
Beijing,HETeach,0.7870874733166853,0.1478,0.1812
Beijing,LFE,0.7873698454830867,0.168,0.1957
Beijing,PD,0.7657040794948243,0.1986,0.2677
Beijing,PIV,0.8266527273455943,0.1251,0.1514
Beijing,PRA,0.779645618881871,0.1668,0.2054
Beijing,Phys,0.7947553019308757,0.1293,0.1508
Beijing,SIV,0.801336786816942,0.1332,0.17329999999999998
Beijing,TIV,0.9394645903227878,0.038,0.051100000000000007
Beijing,Teach,0.7814890636079959,0.1563,0.18719999999999998
Beijing,UR,0.8345541516585535,0.128,0.155
Beijing,URate,0.7992913037443286,0.1173,0.1353
Tianjin,AW,0.7646697087988789,0.1674,0.2026
Tianjin,Beds,0.80227174927751,0.1199,0.1396
Tianjin,Bus,0.7717798997146184,0.1743,0.23420000000000002
Tianjin,DEU,0.8112248805169856,0.126,0.1672
Tianjin,DWU,0.7487640160762875,0.1655,0.19079999999999997
Tianjin,ERV,0.8889391757800835,0.0761,0.09539999999999998
Tianjin,ESV,0.7987577134518153,0.136,0.158
Tianjin,GCBA,0.7471480091866101,0.16949999999999998,0.2032
Tianjin,GDP,0.8067491087805978,0.15410000000000001,0.1975
Tianjin,GSA,0.7476032520206576,0.17129999999999998,0.1998
Tianjin,HETeach,0.7710937952986807,0.1728,0.205
Tianjin,LFE,0.7619500780142682,0.1435,0.171
Tianjin,PD,0.7413439276664487,0.209,0.2702
Tianjin,PIV,0.8088126103421177,0.1519,0.19039999999999999
Tianjin,PRA,0.7779475786154639,0.128,0.1491
Tianjin,Phys,0.7860249280347463,0.1765,0.2034
Tianjin,SIV,0.7931168845103452,0.1311,0.1689
Tianjin,TIV,0.886003631463048,0.0679,0.08410000000000001
Tianjin,Teach,0.7584760495485926,0.1508,0.1807
Tianjin,UR,0.8062729113701257,0.155,0.1884
Tianjin,URate,0.8052776149274088,0.1491,0.1818
Shijiazhuang,AW,0.7024534523643465,0.2354,0.3069
Shijiazhuang,Beds,0.7126449243379578,0.215,0.2564
Shijiazhuang,Bus,0.6968292995804188,0.22519999999999998,0.2758
Shijiazhuang,DEU,0.6805148091301713,0.2421,0.2956
Shijiazhuang,DWU,0.6787902804653538,0.2491,0.29
Shijiazhuang,ERV,0.8694645903227879,0.07200000000000001,0.0895
Shijiazhuang,ESV,0.6394645903227879,0.3002,0.3766
Shijiazhuang,GCBA,0.6491588773305398,0.2125,0.2477
Shijiazhuang,GDP,0.7555595033310015,0.1993,0.23670000000000002
Shijiazhuang,GSA,0.6719869998476712,0.2087,0.2723
Shijiazhuang,HETeach,0.6995839882466457,0.21059999999999998,0.2741
Shijiazhuang,LFE,0.6194645903227879,0.242,0.3141
Shijiazhuang,PD,0.6810356151976215,0.1857,0.235
Shijiazhuang,PIV,0.719108929663544,0.23800000000000002,0.2987
Shijiazhuang,PRA,0.6857640093292199,0.1916,0.2464
Shijiazhuang,Phys,0.685234004489988,0.1898,0.2372
Shijiazhuang,SIV,0.6984584993736861,0.2192,0.2569
Shijiazhuang,TIV,0.8694645903227879,0.0817,0.1069
Shijiazhuang,Teach,0.6936722073929665,0.1929,0.2601
Shijiazhuang,UR,0.7163512499746454,0.1761,0.2348
Shijiazhuang,URate,0.7213274052928627,0.18960000000000002,0.2361
Tangshan,AW,0.7681002224899428,0.13720000000000002,0.1727
Tangshan,Beds,0.7782386842320324,0.1466,0.18899999999999997
Tangshan,Bus,0.7428476104878884,0.21100000000000002,0.2523
Tangshan,DEU,0.7817797010456895,0.1575,0.18989999999999999
Tangshan,DWU,0.7266718600837158,0.1893,0.22649999999999998
Tangshan,ERV,0.8719177314922671,0.0859,0.10189999999999999
Tangshan,ESV,0.7643669828045334,0.1971,0.2487
Tangshan,GCBA,0.7124454268331791,0.2192,0.2713
Tangshan,GDP,0.7871418449363682,0.15439999999999998,0.1898
Tangshan,GSA,0.7315380304075655,0.2024,0.24489999999999998
Tangshan,HETeach,0.7453690735369557,0.20370000000000002,0.2354
Tangshan,LFE,0.7577027518339602,0.18989999999999999,0.2191
Tangshan,PD,0.715139760226776,0.23920000000000002,0.30579999999999996
Tangshan,PIV,0.7938262594996527,0.15259999999999999,0.196
Tangshan,PRA,0.7726614502701691,0.18100000000000002,0.2309
Tangshan,Phys,0.7570491222581456,0.1515,0.17620000000000002
Tangshan,SIV,0.7862301441306718,0.1427,0.1734
Tangshan,TIV,0.9016316198401534,0.0789,0.09910000000000001
Tangshan,Teach,0.757376492225096,0.1507,0.18530000000000002
Tangshan,UR,0.7901488652916479,0.1394,0.1697
Tangshan,URate,0.758667384579344,0.1439,0.1934
Qinhuangdao,AW,0.7867785993446488,0.1301,0.1597
Qinhuangdao,Beds,0.8430495072783054,0.0907,0.1191
Qinhuangdao,Bus,0.8018022921486655,0.16820000000000002,0.2095
Qinhuangdao,DEU,0.7944246514926153,0.15410000000000001,0.2029
Qinhuangdao,DWU,0.7723766287115099,0.19210000000000002,0.22949999999999998
Qinhuangdao,ERV,0.9042680815231009,0.061200000000000004,0.071
Qinhuangdao,ESV,0.7915259094087543,0.1479,0.1818
Qinhuangdao,GCBA,0.7574665742492818,0.19260000000000002,0.2526
Qinhuangdao,GDP,0.7846934377467415,0.1332,0.168
Qinhuangdao,GSA,0.7670127512426785,0.18350000000000002,0.2286
Qinhuangdao,HETeach,0.7601523634640738,0.1773,0.2366
Qinhuangdao,LFE,0.7497349737886233,0.17420000000000002,0.21660000000000001
Qinhuangdao,PD,0.7457155222687017,0.1551,0.204
Qinhuangdao,PIV,0.8035276413362085,0.1324,0.1548
Qinhuangdao,PRA,0.7894578035964025,0.1649,0.2147
Qinhuangdao,Phys,0.759139732841237,0.19879999999999998,0.23550000000000001
Qinhuangdao,SIV,0.7865365924142077,0.1276,0.1563
Qinhuangdao,TIV,0.9313867279118266,0.0429,0.0564
Qinhuangdao,Teach,0.7794231069496987,0.1808,0.2212
Qinhuangdao,UR,0.7967337360974763,0.17190000000000003,0.1993
Qinhuangdao,URate,0.8180618548830201,0.1493,0.1794
Handan,AW,0.6394645903227879,0.30079999999999996,0.3892
Handan,Beds,0.7789131437129014,0.1378,0.1723
Handan,Bus,0.7153473095230029,0.1734,0.2133
Handan,DEU,0.7623416782873058,0.1748,0.23420000000000002
Handan,DWU,0.7118159436296894,0.16579999999999998,0.2125
Handan,ERV,0.8694645903227879,0.0724,0.08789999999999999
Handan,ESV,0.7176194543563201,0.2271,0.29719999999999996
Handan,GCBA,0.6780999145885035,0.1967,0.2575
Handan,GDP,0.7720623905723509,0.1497,0.18109999999999998
Handan,GSA,0.6893076727458509,0.2551,0.3251
Handan,HETeach,0.7308936794601951,0.21710000000000002,0.2858
Handan,LFE,0.6494645903227879,0.2763,0.3481
Handan,PD,0.6880042602515599,0.1978,0.2483
Handan,PIV,0.7596978912175221,0.1691,0.2232
Handan,PRA,0.7305332031535648,0.1603,0.2034
Handan,Phys,0.7247878729345131,0.20809999999999998,0.2754
Handan,SIV,0.7500434909671019,0.1845,0.2419
Handan,TIV,0.8708799391429056,0.0867,0.11220000000000001
Handan,Teach,0.7251480844646014,0.222,0.287
Handan,UR,0.7682398756704328,0.177,0.2151
Handan,URate,0.7613787645831634,0.1956,0.2541
Xingtai,AW,0.7327813745757891,0.19899999999999998,0.2447
Xingtai,Beds,0.7926450279665881,0.15259999999999999,0.19260000000000002
Xingtai,Bus,0.7574834134602022,0.1496,0.1787
Xingtai,DEU,0.7450525186243975,0.1894,0.23120000000000002
Xingtai,DWU,0.7155553294443464,0.1917,0.2488
Xingtai,ERV,0.8694645903227879,0.0742,0.0971
Xingtai,ESV,0.7314569117699412,0.1577,0.20190000000000002
Xingtai,GCBA,0.7074410738888051,0.2175,0.2897
Xingtai,GDP,0.7887397836642464,0.13369999999999999,0.1686
Xingtai,GSA,0.7203403098644853,0.2225,0.2607
Xingtai,HETeach,0.7201407159582055,0.1759,0.2357
Xingtai,LFE,0.7024195641133146,0.1892,0.23260000000000003
Xingtai,PD,0.7120659450300876,0.1966,0.2541
Xingtai,PIV,0.7778662164061583,0.1534,0.1801
Xingtai,PRA,0.7636029814865332,0.18,0.23010000000000003
Xingtai,Phys,0.7461310964413908,0.20559999999999998,0.2554
Xingtai,SIV,0.7383357928282107,0.2069,0.24109999999999998
Xingtai,TIV,0.8717473796338798,0.0755,0.0913
Xingtai,Teach,0.7286963727371318,0.20559999999999998,0.2568
Xingtai,UR,0.7483780512597873,0.19,0.2407
Xingtai,URate,0.7834339079473109,0.17629999999999998,0.2152
Baoding,AW,0.7281755675469723,0.18289999999999998,0.2118
Baoding,Beds,0.8102976506453319,0.1059,0.1356
Baoding,Bus,0.7363104015257568,0.174,0.2261
Baoding,DEU,0.7739725358712354,0.12710000000000002,0.14859999999999998
Baoding,DWU,0.747045962123859,0.2061,0.2438
Baoding,ERV,0.8694645903227879,0.10339999999999999,0.1294
Baoding,ESV,0.7629148297970113,0.1625,0.1998
Baoding,GCBA,0.728125062652857,0.20989999999999998,0.2803
Baoding,GDP,0.7682096426222478,0.1966,0.2468
Baoding,GSA,0.7042217318837457,0.18309999999999998,0.235
Baoding,HETeach,0.7370019236727116,0.2133,0.2551
Baoding,LFE,0.7464154165138462,0.1638,0.1886
Baoding,PD,0.7238748085380803,0.18989999999999999,0.243
Baoding,PIV,0.7825651732036238,0.17739999999999997,0.2158
Baoding,PRA,0.7633481199422146,0.1566,0.18969999999999998
Baoding,Phys,0.7470782790754836,0.2127,0.2669
Baoding,SIV,0.7766053483281194,0.1646,0.20629999999999998
Baoding,TIV,0.8694645903227879,0.0729,0.0953
Baoding,Teach,0.7327965373781801,0.1805,0.223
Baoding,UR,0.7821272853927738,0.16899999999999998,0.2059
Baoding,URate,0.7689219419238859,0.151,0.1948
Zhangjiakou,AW,0.7915423175923578,0.1406,0.17620000000000002
Zhangjiakou,Beds,0.856653043524927,0.0959,0.11630000000000001
Zhangjiakou,Bus,0.8158692515052617,0.1333,0.1661
Zhangjiakou,DEU,0.8254731242394766,0.1367,0.1797
Zhangjiakou,DWU,0.7874063371004418,0.1576,0.18510000000000001
Zhangjiakou,ERV,0.9185560045967964,0.0649,0.075
Zhangjiakou,ESV,0.8445926331439345,0.1033,0.1307
Zhangjiakou,GCBA,0.7684568304790076,0.1447,0.19
Zhangjiakou,GDP,0.8536658743164394,0.12359999999999999,0.1528
Zhangjiakou,GSA,0.7796479907151587,0.1573,0.18109999999999998
Zhangjiakou,HETeach,0.8050934374295314,0.16269999999999998,0.20550000000000002
Zhangjiakou,LFE,0.8068789952938544,0.1477,0.17170000000000002
Zhangjiakou,PD,0.7748236150696495,0.1484,0.17370000000000002
Zhangjiakou,PIV,0.8434447547345204,0.1038,0.1217
Zhangjiakou,PRA,0.8185805700583308,0.106,0.1229
Zhangjiakou,Phys,0.8197733719017084,0.1026,0.11810000000000001
Zhangjiakou,SIV,0.8362793904006829,0.128,0.1653
Zhangjiakou,TIV,0.9394645903227878,0.05,0.0593
Zhangjiakou,Teach,0.7926836552897731,0.1242,0.1612
Zhangjiakou,UR,0.8285556147878741,0.10619999999999999,0.1263
Zhangjiakou,URate,0.8432997746330136,0.0949,0.1174
Chengde,AW,0.8561778747290079,0.0906,0.11449999999999999
Chengde,Beds,0.8770361189095611,0.1014,0.1193
Chengde,Bus,0.8410131130322779,0.115,0.1449
Chengde,DEU,0.8224384011440842,0.1165,0.1548
Chengde,DWU,0.8067787199474818,0.147,0.1975
Chengde,ERV,0.9394645903227878,0.0381,0.0508
Chengde,ESV,0.8590370770585699,0.1052,0.1251
Chengde,GCBA,0.7904202267320941,0.1638,0.1957
Chengde,GDP,0.8623990638020783,0.1074,0.1417
Chengde,GSA,0.8030967185002003,0.1402,0.16649999999999998
Chengde,HETeach,0.8319984698156043,0.12359999999999999,0.158
Chengde,LFE,0.8181111563506724,0.10679999999999999,0.14029999999999998
Chengde,PD,0.7930975128100227,0.1707,0.2041
Chengde,PIV,0.8619382302094586,0.11289999999999999,0.13419999999999999
Chengde,PRA,0.8682544224087589,0.10529999999999999,0.1323
Chengde,Phys,0.8182412984613541,0.1387,0.18510000000000001
Chengde,SIV,0.8333786771321142,0.1407,0.1884
Chengde,TIV,0.9394645903227878,0.047,0.054299999999999994
Chengde,Teach,0.8193433879269632,0.13019999999999998,0.1543
Chengde,UR,0.8438196922090269,0.1131,0.1324
Chengde,URate,0.8227742194051978,0.122,0.16269999999999998
Cangzhou,AW,0.7657257711088374,0.18170000000000003,0.2328
Cangzhou,Beds,0.8018112752988112,0.168,0.1986
Cangzhou,Bus,0.7380334862081586,0.2155,0.2896
Cangzhou,DEU,0.7641237418117556,0.1462,0.1959
Cangzhou,DWU,0.7352152039431316,0.1604,0.2113
Cangzhou,ERV,0.8694645903227879,0.105,0.1379
Cangzhou,ESV,0.7739839502291312,0.1868,0.2155
Cangzhou,GCBA,0.7435883147365423,0.2018,0.2455
Cangzhou,GDP,0.8038607517677849,0.1593,0.2064
Cangzhou,GSA,0.7347185663506808,0.1746,0.2348
Cangzhou,HETeach,0.7776374822490929,0.172,0.21969999999999998
Cangzhou,LFE,0.7423518654673738,0.1636,0.2101
Cangzhou,PD,0.7237520642959775,0.166,0.21109999999999998
Cangzhou,PIV,0.7793113024108536,0.1725,0.23149999999999998
Cangzhou,PRA,0.7667673786213384,0.19760000000000003,0.2663
Cangzhou,Phys,0.7762377352866798,0.1625,0.20199999999999999
Cangzhou,SIV,0.7610984558977423,0.18899999999999997,0.2323
Cangzhou,TIV,0.8804301084580837,0.0828,0.1048
Cangzhou,Teach,0.7858005871847233,0.1459,0.1777
Cangzhou,UR,0.7769164332476121,0.13720000000000002,0.1699
Cangzhou,URate,0.7931990115644514,0.1495,0.1757
Langfang,AW,0.7672458305858061,0.1843,0.24600000000000002
Langfang,Beds,0.8193795212440826,0.10640000000000001,0.1432
Langfang,Bus,0.7667889131802149,0.1508,0.1986
Langfang,DEU,0.7812412911016703,0.1534,0.20620000000000002
Langfang,DWU,0.7616711519761918,0.1414,0.1861
Langfang,ERV,0.8813569749514722,0.0857,0.10710000000000001
Langfang,ESV,0.8005274536345438,0.1398,0.1711
Langfang,GCBA,0.7686441634466555,0.1315,0.16269999999999998
Langfang,GDP,0.8056845847791817,0.1371,0.1656
Langfang,GSA,0.7686515150465467,0.1275,0.1478
Langfang,HETeach,0.7893052955837148,0.1463,0.1789
Langfang,LFE,0.762426552614727,0.1771,0.2254
Langfang,PD,0.7257754971823249,0.19510000000000002,0.23600000000000002
Langfang,PIV,0.8015520715277524,0.1175,0.1355
Langfang,PRA,0.7615027079401967,0.1586,0.2077
Langfang,Phys,0.7774469238118248,0.147,0.188
Langfang,SIV,0.7795931531866922,0.1288,0.1528
Langfang,TIV,0.9087234882511973,0.055099999999999996,0.0732
Langfang,Teach,0.7713498692304245,0.18539999999999998,0.2432
Langfang,UR,0.7756241189080233,0.1892,0.2238
Langfang,URate,0.8050094519818684,0.1376,0.15869999999999998
Hengshui,AW,0.7705046928482255,0.1263,0.14980000000000002
Hengshui,Beds,0.7846081989302233,0.1309,0.1718
Hengshui,Bus,0.7695203251423104,0.1558,0.17980000000000002
Hengshui,DEU,0.7529220608107462,0.14029999999999998,0.174
Hengshui,DWU,0.7417797383971055,0.17579999999999998,0.20920000000000002
Hengshui,ERV,0.8694645903227879,0.0721,0.0842
Hengshui,ESV,0.781665731906103,0.1796,0.21600000000000003
Hengshui,GCBA,0.7278011086217657,0.1999,0.235
Hengshui,GDP,0.8150328305131258,0.13390000000000002,0.1679
Hengshui,GSA,0.7494307259570233,0.1535,0.1887
Hengshui,HETeach,0.7608851238171518,0.17379999999999998,0.20739999999999997
Hengshui,LFE,0.7563881986465691,0.1466,0.1832
Hengshui,PD,0.7163937633198764,0.2278,0.26890000000000003
Hengshui,PIV,0.7889072821154943,0.1778,0.2214
Hengshui,PRA,0.7654091201299295,0.15460000000000002,0.1963
Hengshui,Phys,0.7864129207421093,0.17550000000000002,0.23170000000000002
Hengshui,SIV,0.776613657581397,0.18239999999999998,0.21309999999999998
Hengshui,TIV,0.8977464478759714,0.07429999999999999,0.0941
Hengshui,Teach,0.7546078280004417,0.1863,0.247
Hengshui,UR,0.7732992352468264,0.14529999999999998,0.1827
Hengshui,URate,0.7956171110053686,0.1516,0.18789999999999998
